codigo_articulo,unidad_medida,barcode,longitud_barcode,unidades_x_bulto,id_barcode,id_um,id_articulo_connexa,ext_code,uuid_barcode,timestamp,validacion_ean,descripcion_producto,descripcion_ean,ean_ocurrencias
1955,Unidades,7792280000377,13.0,1,1,unidad,4c4b57ed-e50f-4d40-9dda-f97639d0ff31,1955,fe3d7a97-d40c-4df8-a64b-ffd0582dcd05,2025-04-22 00:58:12.766453,True,TE CACHAMAI MANZANILLA 20 SAQUITOS ENSOBRADOS,TE CACHAMAI MANZANILLA 20 SAQUITOS ENSOBRADOS,2.0
1955,Unidades,7792280000377,13.0,6,1,unidad,4c4b57ed-e50f-4d40-9dda-f97639d0ff31,1955,52b9b1e3-11a3-4dee-a0c1-3f95a0fe255e,2025-04-22 00:58:12.766453,True,TE CACHAMAI MANZANILLA 20 SAQUITOS ENSOBRADOS,PACK * 6 - TE CACHAMAI MANZANILLA 20 SAQUITOS ENSOBRADOS,2.0
3220,Unidades,7790971001351,13.0,1,1,unidad,b9db3dd0-a017-4463-8c80-23b4331084e6,3220,9535d176-ee09-4e51-a93a-9678eb678947,2025-04-22 00:58:13.497875,True,BIZCOCHUELO ORLOC CHOCOLATE 1 KG,BIZCOCHUELO ORLOC CHOCOLATE 1 KG,2.0
3220,Unidades,7790971001351,13.0,10,1,unidad,b9db3dd0-a017-4463-8c80-23b4331084e6,3220,286ab5cf-e0f7-4b0a-8e75-1e53257ed706,2025-04-22 00:58:13.497875,True,BIZCOCHUELO ORLOC CHOCOLATE 1 KG,PACK * 10 - BIZCOCHUELO ORLOC CHOCOLATE 1 KG,2.0
30231,Unidades,7791017000062,13.0,12,1,unidad,95a57ccb-8725-4b1d-a5ef-e045f0ea8057,30231,069704df-5688-45b7-a27f-d2c219ea8da0,2025-04-22 00:58:13.790539,True,ACEITE YANCANELO DE OLIVA EXTRA VIRGEN 1 LT,PACK * 12 - ACEITE YANCANELO DE OLIVA EXTRA VIRGEN 1 LT,2.0
30231,Unidades,7791017000062,13.0,1,1,unidad,95a57ccb-8725-4b1d-a5ef-e045f0ea8057,30231,12b1f02e-c490-4202-bcc7-c56bd21f4f6a,2025-04-22 00:58:13.790539,True,ACEITE YANCANELO DE OLIVA EXTRA VIRGEN 1 LT,ACEITE YANCANELO DE OLIVA EXTRA VIRGEN 1 LT,2.0
3273,Unidades,7790206006106,13.0,8,1,unidad,23b46735-31a3-4748-81ba-36c710461ae1,3273,db682548-2b1e-4fbb-9b2f-5c8772f44fb7,2025-04-22 00:58:13.917441,True,BOCADITO MARROC 60 UNI 14 GR,PACK * 8 - BOCADITO MARROC 60 UNI 14 GR,2.0
3273,Unidades,7790206006106,13.0,1,1,unidad,23b46735-31a3-4748-81ba-36c710461ae1,3273,0b1e78df-aa35-4ed0-8d06-46c63896dcf7,2025-04-22 00:58:13.917441,True,BOCADITO MARROC 60 UNI 14 GR,BOCADITO MARROC 60 UNI 14 GR,2.0
24517,Unidades,17792180142129,14.0,6,5,unidad,623946cd-3eaf-41e9-beef-58ca0bfc4d89,24517,d09cf6af-3397-4a2e-821a-64c750429adb,2025-04-22 00:58:13.949440,True,PIETRO PIZZA MEDIANA MUZZARELLA X2,CAJA * 6 - PIETRO PIZZA MEDIANA MUZZARELLA X2,2.0
71846,Unidades,7798182434692,13.0,3,1,unidad,fc7ca3ec-7424-485c-bd74-d86113028f1c,71846,6a0d7bb8-98a3-4e0e-9e26-ddf0f4052596,2025-04-22 00:58:13.965448,True,GRILL ELECTRICO KANSAI BBQ1003CB 1600W,PACK * 3 - GRILL ELECTRICO KANSAI BBQ1003CB 1600W,2.0
71846,Unidades,7798182434692,13.0,1,1,unidad,fc7ca3ec-7424-485c-bd74-d86113028f1c,71846,bfd31172-53fd-4ff5-85ff-c4ef43b01076,2025-04-22 00:58:13.965448,True,GRILL ELECTRICO KANSAI BBQ1003CB 1600W,GRILL ELECTRICO KANSAI BBQ1003CB 1600W,2.0
74809,Unidades,7702147236955,13.0,24,1,unidad,c4124043-1abf-46fc-8e41-d9f4e1f94094,74809,d4497e7e-8685-4979-a6a9-93008cd9d4e0,2025-04-22 00:58:14.133307,True,COPA VERSALLES AGUA 300,PACK * 24 - COPA VERSALLES AGUA 300,2.0
40493,Unidades,7798085997317,13.0,6,1,unidad,b2cdccf4-3cd9-4dde-825a-a0864f3a333f,40493,3f08a6d5-058a-4633-b892-d7f008fe1073,2025-04-22 00:58:14.185635,True,PALMITOS COINCO TROZADOS 2.92 KG,PACK * 6 - PALMITOS COINCO TROZADOS 2.92 KG,2.0
40493,Unidades,7798085997317,13.0,1,1,unidad,b2cdccf4-3cd9-4dde-825a-a0864f3a333f,40493,35d40270-a0d2-4935-807b-0288c0d45acc,2025-04-22 00:58:14.185635,True,PALMITOS COINCO TROZADOS 2.92 KG,PALMITOS COINCO TROZADOS 2.92 KG,2.0
5528,Unidades,7795252000443,13.0,12,1,unidad,f94a0240-0ee8-4be9-adbe-8225aec3835b,5528,d7d1b026-c8ce-4571-9086-38324a3fea95,2025-04-22 00:58:14.679602,True,ESCOBILLON LA GRINGA ESQUINERO,PACK * 12 - ESCOBILLON LA GRINGA ESQUINERO,2.0
5528,Unidades,7795252000443,13.0,1,1,unidad,f94a0240-0ee8-4be9-adbe-8225aec3835b,5528,3f1a85ff-b055-4d60-bca8-1ed70ea58e92,2025-04-22 00:58:14.679602,True,ESCOBILLON LA GRINGA ESQUINERO,ESCOBILLON LA GRINGA ESQUINERO,2.0
6521,Unidades,7790345176005,13.0,1,1,unidad,504ad31f-d73c-4b08-9b73-07201b80a5ef,6521,1c4aca00-ae5d-4fd5-a0b5-6790ee13d855,2025-04-22 00:58:14.887804,True,SECADOR DE PISO SAMANTHA TWIN 34 CM,SECADOR DE PISO SAMANTHA TWIN 34 CM,2.0
6521,Unidades,7790345176005,13.0,12,1,unidad,504ad31f-d73c-4b08-9b73-07201b80a5ef,6521,d8a3f0e4-f40f-40b7-a03b-a160eada2f36,2025-04-22 00:58:14.887804,True,SECADOR DE PISO SAMANTHA TWIN 34 CM,PACK * 12 - SECADOR DE PISO SAMANTHA TWIN 34 CM,2.0
9540,Unidades,17790310984328,14.0,21,5,unidad,4fa8ec3b-25d6-4bd5-a678-a86d8fa97112,9540,0ba4d06f-1f50-456b-b3ed-818a1f9c6be7,2025-04-22 00:58:15.201330,True,SNACK PEP RUEDITAS 120 GR,CAJA * 21 - SNACK PEP RUEDITAS 120 GR,2.0
5372,Unidades,7791274000584,13.0,1,1,unidad,6e7fdc48-9a95-46f2-ba7b-43dc4a734353,5372,a62ee2c0-2408-44e1-8158-20e049519e8a,2025-04-22 00:58:15.265233,True,JABON LIQUIDO ALGABO CREMOSO  FLOWER MIX,JABON LIQUIDO ALGABO CREMOSO  FLOWER MIX,2.0
5372,Unidades,7791274000584,13.0,12,1,unidad,6e7fdc48-9a95-46f2-ba7b-43dc4a734353,5372,e6e796cd-cf42-4bb0-947b-d67e29f50391,2025-04-22 00:58:15.265233,True,JABON LIQUIDO ALGABO CREMOSO  FLOWER MIX,PACK * 12 - JABON LIQUIDO ALGABO CREMOSO  FLOWER MIX,2.0
5373,Unidades,7791274000485,13.0,12,1,unidad,efca610a-bd9c-4510-904d-aa38b9cd3d4b,5373,abf5ae75-cd96-4fee-abf7-431872173d5f,2025-04-22 00:58:15.515527,True,JABON LIQUIDO ALGABO CREMOSO,PACK * 12 - JABON LIQUIDO ALGABO CREMOSO,2.0
5373,Unidades,7791274000485,13.0,1,1,unidad,efca610a-bd9c-4510-904d-aa38b9cd3d4b,5373,c2c55017-e0df-4816-ac00-fa75299e2ac3,2025-04-22 00:58:15.515527,True,JABON LIQUIDO ALGABO CREMOSO,JABON LIQUIDO ALGABO CREMOSO,2.0
20523,Unidades,7798182430212,13.0,1,1,unidad,98520994-f65f-4b2e-9ca3-47b3b2ca0a6b,20523,38489169-a6cd-41d0-8d9f-a3073abbc387,2025-04-22 00:58:15.615815,True,PANUELOS OKEY 6 X 10 UN,PANUELOS OKEY 6 X 10 UN,2.0
20523,Unidades,7798182430212,13.0,48,1,unidad,98520994-f65f-4b2e-9ca3-47b3b2ca0a6b,20523,5f8054af-27ff-41b6-8db3-48d95f9703a0,2025-04-22 00:58:15.615815,True,PANUELOS OKEY 6 X 10 UN,PACK * 48 - PANUELOS OKEY 6 X 10 UN,2.0
12026,Unidades,7790971001375,13.0,10,1,unidad,ff54dbda-110d-42c2-97fb-3d34290ada82,12026,51db26b9-0307-437e-8312-22044cbd5a3c,2025-04-22 00:58:15.628445,True,CACAO ORLOC DULCE 1 KG,PACK * 10 - CACAO ORLOC DULCE 1 KG,2.0
12026,Unidades,7790971001375,13.0,1,1,unidad,ff54dbda-110d-42c2-97fb-3d34290ada82,12026,90b0a2da-7cc4-436b-8f7c-ce06b759660f,2025-04-22 00:58:15.628445,True,CACAO ORLOC DULCE 1 KG,CACAO ORLOC DULCE 1 KG,2.0
10951,Unidades,7792340000859,13.0,1,1,unidad,2269f274-59bf-40f0-ae85-fe81ed9a7b43,10951,39ee17d2-04fb-4bed-bdf6-1072ced0f760,2025-04-22 00:58:15.718734,True,PEPINOS MERIDIANO FRASCO 1.8 KG,PEPINOS MERIDIANO FRASCO 1.8 KG,2.0
10951,Unidades,7792340000859,13.0,4,1,unidad,2269f274-59bf-40f0-ae85-fe81ed9a7b43,10951,d1a0280e-0bab-46a0-a542-a6939293cb99,2025-04-22 00:58:15.718734,True,PEPINOS MERIDIANO FRASCO 1.8 KG,PACK * 4 - PEPINOS MERIDIANO FRASCO 1.8 KG,2.0
5371,Unidades,7791274000492,13.0,1,1,unidad,cc42d97c-26b3-4ea1-8f71-d87570615620,5371,8c4a4602-01e4-430e-838e-ef7c5dc43cce,2025-04-22 00:58:15.916911,True,JABON LIQUIDO ALGABO CREMOSO FLOWER MI DOYPACK 300 ML,JABON LIQUIDO ALGABO CREMOSO FLOWER MI DOYPACK 300 ML,2.0
5371,Unidades,7791274000492,13.0,12,1,unidad,cc42d97c-26b3-4ea1-8f71-d87570615620,5371,aba2072a-ffd9-4f56-9fbc-ffa4273a97a4,2025-04-22 00:58:15.916911,True,JABON LIQUIDO ALGABO CREMOSO FLOWER MI DOYPACK 300 ML,PACK * 12 - JABON LIQUIDO ALGABO CREMOSO FLOWER MI DOYPACK 300 ML,2.0
72680,Unidades,7798081285494,13.0,1,1,unidad,72373240-552b-4687-b056-b814472aeede,72680,a850da8c-eaf8-4f56-aa68-236c8f50d7f3,2025-04-22 00:58:15.957255,True,PLANCHA SECA SMARTLIFE 1200W DI2386PN,PLANCHA SECA SMARTLIFE 1200W DI2386PN,2.0
72680,Unidades,7798081285494,13.0,4,1,unidad,72373240-552b-4687-b056-b814472aeede,72680,52c38274-febc-4fcd-bcab-1ed8ebb217ac,2025-04-22 00:58:15.957255,True,PLANCHA SECA SMARTLIFE 1200W DI2386PN,PACK * 4 - PLANCHA SECA SMARTLIFE 1200W DI2386PN,2.0
23368,Unidades,17792180136838,14.0,329,5,unidad,49b4b5af-ac19-4e21-af0b-6d830c058f94,23368,b7d11bb4-56ec-4c73-9a77-c1ea107e06b2,2025-04-22 00:58:16.386213,True,PAN MIGNON CANUELAS X UNIDAD,CAJA * 329 - PAN MIGNON CANUELAS X UNIDAD,2.0
5243,Unidades,7798065730873,13.0,2,1,unidad,76504e4c-6210-4a09-81a0-580c58b264de,5243,0ea5ccc0-27f7-45db-9d68-459926feac85,2025-04-22 00:58:16.464857,True,AGUA SIERRA DE LOS PADRES SIN GAS 6 LT + 0.5 ML,PACK * 2 - AGUA SIERRA DE LOS PADRES SIN GAS 6 LT + 0.5 ML,2.0
5243,Unidades,7798065730873,13.0,1,1,unidad,76504e4c-6210-4a09-81a0-580c58b264de,5243,a2191d56-c421-48a2-8b75-708c1b4ee3db,2025-04-22 00:58:16.464857,True,AGUA SIERRA DE LOS PADRES SIN GAS 6 LT + 0.5 ML,AGUA SIERRA DE LOS PADRES SIN GAS 6 LT + 0.5 ML,2.0
12454,Unidades,7798167310089,13.0,1,1,unidad,629c446e-cca0-4a4f-98bd-8ce584abd3a9,12454,ed8fbac0-d997-4358-bb88-8617b5f765a1,2025-04-22 00:58:16.528339,True,DULCE ARCO DE ORO BATATA LATA 5 KG,DULCE ARCO DE ORO BATATA LATA 5 KG,2.0
12454,Unidades,7798167310089,13.0,4,1,unidad,629c446e-cca0-4a4f-98bd-8ce584abd3a9,12454,55ef8604-bc7b-4fa4-baff-7405ab6dcac3,2025-04-22 00:58:16.528339,True,DULCE ARCO DE ORO BATATA LATA 5 KG,PACK * 4 - DULCE ARCO DE ORO BATATA LATA 5 KG,2.0
23736,Unidades,77798151953130,14.0,15,5,unidad,21b03886-037e-4561-b077-22b6d82fc2e8,23736,8bc67883-1242-47a0-b596-c04778d810eb,2025-04-22 00:58:16.544392,True,MANI KING FRITO C PIEL 500 GR,CAJA * 15 - MANI KING FRITO C PIEL 500 GR,2.0
72592,Unidades,7798122245821,13.0,1,1,unidad,efb7c355-0904-4e05-9781-aee71ea78c84,72592,92a7fdfd-1088-457e-ad5e-328c0c3ebef8,2025-04-22 00:58:16.576210,True,BICICLETA MTB R29 LYNCE ALUM SHIMANO DISCO SUSP. GRIS G,BICICLETA MTB R29 LYNCE ALUM SHIMANO DISCO SUSP. GRIS G,2.0
7861,Unidades,7795323002116,13.0,30,1,unidad,62761edb-f005-4148-a6be-2543f6d1bbac,7861,742fa4b5-11aa-4f93-9ffd-dd5cb7069c77,2025-04-22 00:58:16.618473,True,LA SERENISIMA BABY 1 BRICK X200 ML,PACK * 30 - LA SERENISIMA BABY 1 BRICK X200 ML,2.0
7861,Unidades,7795323002116,13.0,1,1,unidad,62761edb-f005-4148-a6be-2543f6d1bbac,7861,8c86e3e7-8412-4a3a-8e35-dbf77d821993,2025-04-22 00:58:16.618473,True,LA SERENISIMA BABY 1 BRICK X200 ML,LA SERENISIMA BABY 1 BRICK X200 ML,2.0
7872,Unidades,7790787003501,13.0,1,1,unidad,2ef47f07-b74c-431e-ba5f-7ab96e2b5549,7872,819db732-db22-4682-9a43-4dd0a9758777,2025-04-22 00:58:16.632348,True,QUESO UNTABLE ILOLAY CON FOLICO Y ZN 290 GR,QUESO UNTABLE ILOLAY CON FOLICO Y ZN 290 GR,2.0
7872,Unidades,7790787003501,13.0,12,1,unidad,2ef47f07-b74c-431e-ba5f-7ab96e2b5549,7872,33b1244e-5187-4d2f-813b-303a8fbe399f,2025-04-22 00:58:16.632348,True,QUESO UNTABLE ILOLAY CON FOLICO Y ZN 290 GR,PACK * 12 - QUESO UNTABLE ILOLAY CON FOLICO Y ZN 290 GR,2.0
7856,Unidades,7795323002215,13.0,30,1,unidad,0a971e28-998b-4cd4-bb13-97d56c106dee,7856,e093cf80-e5b5-4c31-baba-e703fc1d1ac0,2025-04-22 00:58:16.637400,True,VITAL 2 BRICK X200 ML,PACK * 30 - VITAL 2 BRICK X200 ML,2.0
7856,Unidades,7795323002215,13.0,1,1,unidad,0a971e28-998b-4cd4-bb13-97d56c106dee,7856,9b008fc5-5c8a-47ca-9657-b289b112aad5,2025-04-22 00:58:16.637400,True,VITAL 2 BRICK X200 ML,VITAL 2 BRICK X200 ML,2.0
8011,Unidades,7790080040302,13.0,10,1,unidad,2a721a65-7f6e-4f40-9cb2-72bb0a39f5a5,8011,c88841b9-e7e4-43fe-ad04-4dcce262adf6,2025-04-22 00:58:16.782762,True,FLAN CASERO CON CARAMELO SANCOR 2 UN,PACK * 10 - FLAN CASERO CON CARAMELO SANCOR 2 UN,2.0
8011,Unidades,7790080040302,13.0,1,1,unidad,2a721a65-7f6e-4f40-9cb2-72bb0a39f5a5,8011,84551b1e-e27e-47c9-a76e-42280f51c063,2025-04-22 00:58:16.782762,True,FLAN CASERO CON CARAMELO SANCOR 2 UN,FLAN CASERO CON CARAMELO SANCOR 2 UN,2.0
12886,Unidades,7798169801073,13.0,1,1,unidad,6d0fd35c-ed17-47f1-a8ad-1a8df4c73760,12886,4e11ae09-4a2e-4d7a-b12e-848235641930,2025-04-22 00:58:16.894127,True,CEREAL LASFOR COPO DE MAIZ AZUCARADO 2.5 KG,CEREAL LASFOR COPO DE MAIZ AZUCARADO 2.5 KG,2.0
12886,Unidades,7798169801073,13.0,4,1,unidad,6d0fd35c-ed17-47f1-a8ad-1a8df4c73760,12886,f6833692-0d4d-4518-ae9e-81ef03b78c99,2025-04-22 00:58:16.894127,True,CEREAL LASFOR COPO DE MAIZ AZUCARADO 2.5 KG,PACK * 4 - CEREAL LASFOR COPO DE MAIZ AZUCARADO 2.5 KG,2.0
23734,Unidades,77798151953123,14.0,15,5,unidad,2e411368-65d6-4436-ab56-c996c88b5d4f,23734,d17f687c-85fb-4bc1-bce5-559de3e9c25e,2025-04-22 00:58:16.941559,True,MANI KING TOSTADO 350 GR SIN SAL,CAJA * 15 - MANI KING TOSTADO 350 GR SIN SAL,2.0
21664,Unidades,17622201492691,14.0,96,5,unidad,4f10a3f1-e4d7-49a6-861f-66f2b92623d0,21664,21fb3ad7-ee03-4d18-b791-ffdb258f34ce,2025-04-22 00:58:17.149468,True,LENGUETAZO TUTTI FRUTTI 32 UNIDADES X 13 GR,CAJA * 96 - LENGUETAZO TUTTI FRUTTI 32 UNIDADES X 13 GR,2.0
8232,Unidades,7792350001952,13.0,1,1,unidad,406db31d-54f6-4074-8ac5-8fbeca56730c,8232,d1c06bc4-6629-4b42-bb2b-73a49b1b3cc5,2025-04-22 00:58:17.196943,True,JARDINERA INALPA 2.95 KG,JARDINERA INALPA 2.95 KG,2.0
8232,Unidades,7792350001952,13.0,6,1,unidad,406db31d-54f6-4074-8ac5-8fbeca56730c,8232,14096cd7-dd6f-42ce-ba06-95a112a4a1d9,2025-04-22 00:58:17.196943,True,JARDINERA INALPA 2.95 KG,PACK * 6 - JARDINERA INALPA 2.95 KG,2.0
8542,Unidades,1111111118542,13.0,8,1,unidad,894495d6-a529-4c13-8aa7-527ff2ff2999,8542,e6895fa1-e556-47fb-82c5-081c228b75ec,2025-04-22 00:58:17.428500,True,PANCETA SALADA EMEZETA X KG,PACK * 8 - PANCETA SALADA EMEZETA X KG,2.0
8542,Unidades,1111111118542,13.0,1,1,unidad,894495d6-a529-4c13-8aa7-527ff2ff2999,8542,d984abf8-a5bb-498a-98df-a65ed4b3a3df,2025-04-22 00:58:17.428500,True,PANCETA SALADA EMEZETA X KG,PANCETA SALADA EMEZETA X KG,2.0
7855,Unidades,7795323002246,13.0,30,1,unidad,4a9d8a3e-55ce-4ffa-8b42-63641bbe9be7,7855,53b969a4-844a-48b6-a35f-d6df5c6adf75,2025-04-22 00:58:17.596901,True,LECHE VITAL 1 200 ML,PACK * 30 - LECHE VITAL 1 200 ML,2.0
7855,Unidades,7795323002246,13.0,1,1,unidad,4a9d8a3e-55ce-4ffa-8b42-63641bbe9be7,7855,18d23f5b-e8c6-43d1-beab-c4d039a82822,2025-04-22 00:58:17.596901,True,LECHE VITAL 1 200 ML,LECHE VITAL 1 200 ML,2.0
80,Unidades,7791620000923,13.0,4,1,unidad,af89a4bb-e5cf-4a3d-8fb1-562833659780,80,7e4207c5-e8b7-446c-847b-228802b88c4f,2025-04-22 00:58:17.666833,True,MARGARINA MASA PRIMOR 5 KG,PACK * 4 - MARGARINA MASA PRIMOR 5 KG,2.0
80,Unidades,7791620000923,13.0,1,1,unidad,af89a4bb-e5cf-4a3d-8fb1-562833659780,80,41dff830-9e60-46a4-9756-425910aaf3cf,2025-04-22 00:58:17.666833,True,MARGARINA MASA PRIMOR 5 KG,MARGARINA MASA PRIMOR 5 KG,2.0
14101,Unidades,7622300844967,13.0,1,1,unidad,f799d971-ffb2-4688-9a45-156824c9ff68,14101,7aab2969-f7e3-4c90-b667-581aa8f34e50,2025-04-22 00:58:17.764453,True,CHOCOLATE MILKA BLANCO CON DULCE DE LECHE 67 GR,CHOCOLATE MILKA BLANCO CON DULCE DE LECHE 67 GR,2.0
29914,Unidades,4005808555604,13.0,12,1,unidad,cae84fff-2196-480b-8822-72954ee3161e,29914,a08ecc27-f9cc-4d2f-930f-6617963fb6c9,2025-04-22 00:58:17.883097,True,PROTECTOR SOLAR NIVEA  F15  PROTECT  BRONZE 200 ML,PACK * 12 - PROTECTOR SOLAR NIVEA  F15  PROTECT  BRONZE 200 ML,2.0
29914,Unidades,4005808555604,13.0,1,1,unidad,cae84fff-2196-480b-8822-72954ee3161e,29914,3df42687-0d3b-436b-9372-7ca242a1fa77,2025-04-22 00:58:17.883097,True,PROTECTOR SOLAR NIVEA  F15  PROTECT  BRONZE 200 ML,PROTECTOR SOLAR NIVEA  F15  PROTECT  BRONZE 200 ML,2.0
15160,Unidades,7798085998659,13.0,20,1,unidad,596195c7-7956-4b05-9150-6fb68dc30981,15160,2dec107f-79e6-4122-9127-a247ccdf8457,2025-04-22 00:58:17.914797,True,BOLSA DE RESIDUOS OKEY 80X110 10 UN,PACK * 20 - BOLSA DE RESIDUOS OKEY 80X110 10 UN,2.0
15160,Unidades,7798085998659,13.0,1,1,unidad,596195c7-7956-4b05-9150-6fb68dc30981,15160,6f15df45-3953-42e9-aa5d-2bd9d777c29f,2025-04-22 00:58:17.914797,True,BOLSA DE RESIDUOS OKEY 80X110 10 UN,BOLSA DE RESIDUOS OKEY 80X110 10 UN,2.0
9309,Unidades,7790174000533,13.0,30,1,unidad,ecbffc63-0035-44c7-bebd-cfd242603e74,9309,1b1344f2-0d17-44e9-ba6f-ef99566cee0f,2025-04-22 00:58:17.994747,True,MILANESA DE SOJA VEGETALEX 340 GR,PACK * 30 - MILANESA DE SOJA VEGETALEX 340 GR,2.0
9309,Unidades,7790174000533,13.0,1,1,unidad,ecbffc63-0035-44c7-bebd-cfd242603e74,9309,7a1708e6-66a4-45b9-b662-6fb092e6b915,2025-04-22 00:58:17.994747,True,MILANESA DE SOJA VEGETALEX 340 GR,MILANESA DE SOJA VEGETALEX 340 GR,2.0
23473,Unidades,17792180142129,14.0,9,5,unidad,142a1f1f-6adb-491c-b681-c819074daa6e,23473,dea116c8-5123-46b3-bb2e-1e6c2628cb8b,2025-04-22 00:58:18.183989,True,PIZZA MOZZARELLA MEDIA MASA PIETRO X 1UN,CAJA * 9 - PIZZA MOZZARELLA MEDIA MASA PIETRO X 1UN,2.0
70403,Unidades,7896211840237,13.0,25,1,unidad,b59f524d-d3fc-46e3-b432-810a327e8d69,70403,e7f87ff2-1834-4997-bb39-b7c5f54cc357,2025-04-22 00:58:18.327913,True,TENEDORES SIMONAGGIO MADERA 3 UN,PACK * 25 - TENEDORES SIMONAGGIO MADERA 3 UN,2.0
70403,Unidades,7896211840237,13.0,1,1,unidad,b59f524d-d3fc-46e3-b432-810a327e8d69,70403,75391714-699f-40d8-95e7-0a8caee6745c,2025-04-22 00:58:18.327913,True,TENEDORES SIMONAGGIO MADERA 3 UN,TENEDORES SIMONAGGIO MADERA 3 UN,2.0
11356,Unidades,7790787201297,13.0,8,1,unidad,e525b188-9987-4fac-bbf9-c37e8c5ef2ff,11356,05666f92-4797-481f-9edd-736058477317,2025-04-22 00:58:18.431568,True,LECHE EN POLVO ILOLAY DESCREMADA 30 UN 5 GR,PACK * 8 - LECHE EN POLVO ILOLAY DESCREMADA 30 UN 5 GR,2.0
11356,Unidades,7790787201297,13.0,1,1,unidad,e525b188-9987-4fac-bbf9-c37e8c5ef2ff,11356,e8a630d7-80e1-4876-9fe5-8720e74ae355,2025-04-22 00:58:18.431568,True,LECHE EN POLVO ILOLAY DESCREMADA 30 UN 5 GR,LECHE EN POLVO ILOLAY DESCREMADA 30 UN 5 GR,2.0
72127,Unidades,7798104669805,13.0,6,1,unidad,6faa3d02-da04-40ec-811e-a7493c2af5ae,72127,babf0170-9f29-49fc-98c6-a29859f7c617,2025-04-22 00:58:18.590703,True,CAJA MULTIENVASE ORGANIZADORA MANDALA 9 LT,PACK * 6 - CAJA MULTIENVASE ORGANIZADORA MANDALA 9 LT,2.0
72127,Unidades,7798104669805,13.0,1,1,unidad,6faa3d02-da04-40ec-811e-a7493c2af5ae,72127,ad187f00-ca7f-43dd-b867-c6290f544f7b,2025-04-22 00:58:18.590703,True,CAJA MULTIENVASE ORGANIZADORA MANDALA 9 LT,CAJA MULTIENVASE ORGANIZADORA MANDALA 9 LT,2.0
27523,Unidades,37792389001511,14.0,6,5,unidad,6f1458ba-34c0-4c49-9b42-4c469d4df218,27523,f20fd529-d6dc-4bcb-a42c-22f6074c132d,2025-04-22 00:58:19.154499,True,LAVANDINA X5 CONCENTRADA X2L,CAJA * 6 - LAVANDINA X5 CONCENTRADA X2L,2.0
80154,Unidades,4893108015955,13.0,8,1,unidad,c842457d-b30f-443a-973d-85c715244917,80154,5f1e6d08-e140-4498-80aa-f48002bb5316,2025-04-22 00:58:19.569358,True,TERMO BOMBA ACERO INOXIDABLE 1.9 LT,PACK * 8 - TERMO BOMBA ACERO INOXIDABLE 1.9 LT,2.0
80154,Unidades,4893108015955,13.0,1,1,unidad,c842457d-b30f-443a-973d-85c715244917,80154,428862a8-4360-4f93-9bc3-95f28fa15a28,2025-04-22 00:58:19.569358,True,TERMO BOMBA ACERO INOXIDABLE 1.9 LT,TERMO BOMBA ACERO INOXIDABLE 1.9 LT,2.0
40157,Unidades,4005900122186,13.0,12,1,unidad,4877dd70-f2cc-4f17-9b08-2eb65423dbfc,40157,ec80ef25-4564-457c-b60c-5ed04669e7a4,2025-04-22 00:58:19.759833,True,DESODORANTE ANTITRANSPIRANTE NIVEA INVISIBLE BW T.SEDA 150M,PACK * 12 - DESODORANTE ANTITRANSPIRANTE NIVEA INVISIBLE BW T.SEDA 150M,2.0
50006,Unidades,7790400018585,13.0,1,1,unidad,7aca78ef-a778-4739-a818-f9b4dbb0bcee,50006,5c2c6b56-9924-4a01-ad70-e8f1f2faa66e,2025-04-22 00:58:20.986514,True,PEGAMENTO UNIPOX 25 ML UNIVERSAL,PEGAMENTO UNIPOX 25 ML UNIVERSAL,2.0
50006,Unidades,7790400018585,13.0,120,1,unidad,7aca78ef-a778-4739-a818-f9b4dbb0bcee,50006,a44dbd01-24cb-42f4-9960-15f0c92986eb,2025-04-22 00:58:20.986514,True,PEGAMENTO UNIPOX 25 ML UNIVERSAL,PACK * 120 - PEGAMENTO UNIPOX 25 ML UNIVERSAL,2.0
72434,Unidades,7798182435118,13.0,28,1,unidad,22667510-5ed3-4def-b70f-f7d58f885cfa,72434,4686c4ed-4fcd-4812-80b1-5e7a158bcf4d,2025-04-22 00:58:21.354031,True,REPOSERA OKEY 4 POSICIONES NEGRA,PACK * 28 - REPOSERA OKEY 4 POSICIONES NEGRA,2.0
72434,Unidades,7798182435118,13.0,1,1,unidad,22667510-5ed3-4def-b70f-f7d58f885cfa,72434,16539761-b182-4fa1-9b04-990cd625e464,2025-04-22 00:58:21.354031,True,REPOSERA OKEY 4 POSICIONES NEGRA,REPOSERA OKEY 4 POSICIONES NEGRA,2.0
27552,Unidades,17790787172563,14.0,12,5,unidad,1a045c1b-3965-439d-8e7a-97903dd78a26,27552,82b2720a-f009-4d3d-a064-9b9b0ab17c66,2025-04-22 00:58:21.520590,True,LECHE CHOCOLATADA ILOLAY KIDS 1 LT,CAJA * 12 - LECHE CHOCOLATADA ILOLAY KIDS 1 LT,2.0
632,Unidades,7790398000326,13.0,12,1,unidad,0a1d34a1-b72f-40a9-8fc7-81a8cce23850,632,f596b190-0f3e-418e-8b30-46e0029644eb,2025-04-22 00:58:21.604138,True,DULCE DE LECHE REPOSTERO LA PAULINA 1 KG,PACK * 12 - DULCE DE LECHE REPOSTERO LA PAULINA 1 KG,2.0
632,Unidades,7790398000326,13.0,1,1,unidad,0a1d34a1-b72f-40a9-8fc7-81a8cce23850,632,ce767f24-f693-4046-8e26-2d08f7f70bf7,2025-04-22 00:58:21.604138,True,DULCE DE LECHE REPOSTERO LA PAULINA 1 KG,DULCE DE LECHE REPOSTERO LA PAULINA 1 KG,2.0
84121,Unidades,7798182439321,13.0,1,1,unidad,4f5b5770-198a-4147-baa6-3a63b2a872e2,84121,eb4b52c0-5bee-49f3-bbb6-2af5659986f1,2025-04-22 00:58:21.613905,True,MUNECA ARTICULADA 30 CMS,MUNECA ARTICULADA 30 CMS,2.0
84121,Unidades,7798182439321,13.0,72,1,unidad,4f5b5770-198a-4147-baa6-3a63b2a872e2,84121,26e8dd7a-5b84-4884-a68e-3f573175ad8a,2025-04-22 00:58:21.613905,True,MUNECA ARTICULADA 30 CMS,PACK * 72 - MUNECA ARTICULADA 30 CMS,2.0
53193,Unidades,07798146,8.0,1,11,unidad,45e467ac-0add-4820-919d-672d7131aa64,53193,8becd724-e12b-4538-a95e-ca361f8d2425,2025-04-22 00:58:21.702606,True,MANI CROCANTE JL QUESO 500 GR,MANI CROCANTE JL QUESO 500 GR,2.0
60087,Unidades,7702147236955,13.0,1,1,unidad,2e6e3a6f-2323-4341-834b-fab620ea4069,60087,0fe32774-5843-459f-ae39-2147f0c94b20,2025-04-22 00:58:22.085218,True,COPA CRISTAR ARAGON AGUA 300CC,COPA CRISTAR ARAGON AGUA 300CC,2.0
7577,Unidades,7790345172007,13.0,6,1,unidad,558ba641-f6c1-4730-bc38-2af21a689659,7577,b04a0ca6-eef0-4878-95bd-12f2ad0c0dbc,2025-04-22 00:58:22.431069,True,SECADOR DE PISO SAMANTHA 50 CM,PACK * 6 - SECADOR DE PISO SAMANTHA 50 CM,2.0
7577,Unidades,7790345172007,13.0,1,1,unidad,558ba641-f6c1-4730-bc38-2af21a689659,7577,fb3a934a-0c41-494b-9c03-f81508949759,2025-04-22 00:58:22.431069,True,SECADOR DE PISO SAMANTHA 50 CM,SECADOR DE PISO SAMANTHA 50 CM,2.0
62221,Unidades,17798200540036,14.0,24,5,unidad,8ed44ba7-5576-4c90-840f-98baa6ea3ce1,62221,9cb13f2d-d08c-4eec-9389-992e3af9f91a,2025-04-22 00:58:23.031109,True,REMERA LISA HOMBRE BL TSXL NOMINAL,CAJA * 24 - REMERA LISA HOMBRE BL TSXL NOMINAL,2.0
15202,Unidades,7795541002868,13.0,25,1,unidad,bd281a93-842f-4c42-8a83-5d337086e70c,15202,6c52077f-08ed-40c3-a486-36639363748a,2025-04-22 00:58:23.596422,True,BOLSA DE RESIDUOS GOOD ROLLO 60X90 30 UN,PACK * 25 - BOLSA DE RESIDUOS GOOD ROLLO 60X90 30 UN,2.0
15202,Unidades,7795541002868,13.0,1,1,unidad,bd281a93-842f-4c42-8a83-5d337086e70c,15202,9ac5ccc9-ca85-400b-aeca-265a8f136472,2025-04-22 00:58:23.596422,True,BOLSA DE RESIDUOS GOOD ROLLO 60X90 30 UN,BOLSA DE RESIDUOS GOOD ROLLO 60X90 30 UN,2.0
11355,Unidades,17790787172563,14.0,12,5,unidad,4300c8d0-7830-4ae5-a53e-46ae55b58762,11355,befa5b3c-fb22-4c31-b572-7e03f6e366ef,2025-04-22 00:58:24.613925,True,LECHE CHOCOLATADA ILOLAY 1 LT,CAJA * 12 - LECHE CHOCOLATADA ILOLAY 1 LT,2.0
14102,Unidades,7622300844967,13.0,30,1,unidad,a14c7542-98fa-4f66-94f4-5b652db023a7,14102,79c3927b-1c6a-46c9-89f3-414482622b77,2025-04-22 00:58:24.861894,True,CHOCOLATE MILKA DULCE DE LECHE 67 GR,PACK * 30 - CHOCOLATE MILKA DULCE DE LECHE 67 GR,2.0
26416,Unidades,779812436139,12.0,12,2,unidad,41d26cef-85ed-4899-aac1-77ecfccedb72,26416,30208945-d92a-4e7a-8f52-20e2861d6262,2025-04-22 00:58:25.123193,True,PAPEL HIGIENICO OKEY DOBLE HOJA BLANCO 4X30 MTSLP,PAPEL HIGIENICO OKEY DOBLE HOJA BLANCO 4X30 MTSLP,2.0
24146,Unidades,7790742363107,13.0,12,1,unidad,e5216a45-1caf-4913-a6ba-8d9caa292658,24146,ea10bec9-5605-4fdd-8d45-7c641fb855be,2025-04-22 00:58:25.228676,True,LECHE LS UAT PARC DESCREMADAO 1 FORT CON VITAMINAS,PACK * 12 - LECHE LS UAT PARC DESCREMADAO 1 FORT CON VITAMINAS,2.0
27653,Unidades,77798151953147,14.0,15,5,unidad,abe974a3-8a72-4190-9c78-a0b9e5472105,27653,9ec3754a-d77a-46af-b712-437787f4d2b3,2025-04-22 00:58:25.279669,True,MANI KING CHEF PANCETA 80GR,CAJA * 15 - MANI KING CHEF PANCETA 80GR,2.0
45105,Unidades,7798108830751,13.0,1,1,unidad,57a8e961-6258-480c-9add-aaa2dc12cfa5,45105,99c90729-19cf-4aa6-955f-f1927eef1f50,2025-04-22 00:58:25.943291,True,VINO CALLIA MALBEC 750 ML,VINO CALLIA MALBEC 750 ML,2.0
45105,Unidades,7798108830751,13.0,6,1,unidad,57a8e961-6258-480c-9add-aaa2dc12cfa5,45105,9a0cc3e2-255c-4e8c-86cd-21fbf0076ba7,2025-04-22 00:58:25.943291,True,VINO CALLIA MALBEC 750 ML,PACK * 6 - VINO CALLIA MALBEC 750 ML,2.0
84304,Unidades,7795168000094,13.0,6,1,unidad,ec955de9-fe80-4cb4-9b75-bae7ca4d555b,84304,7567370a-0e94-4840-8bf0-936a09a37559,2025-04-22 00:58:25.975280,True,PALO SALTARIN TURBY T-BALL,PACK * 6 - PALO SALTARIN TURBY T-BALL,2.0
84304,Unidades,7795168000094,13.0,1,1,unidad,ec955de9-fe80-4cb4-9b75-bae7ca4d555b,84304,a3e7569f-a452-4a69-a301-39abac3b3d07,2025-04-22 00:58:25.975280,True,PALO SALTARIN TURBY T-BALL,PALO SALTARIN TURBY T-BALL,2.0
23283,Unidades,7793940306006,13.0,9,1,unidad,88fc8029-c757-46b4-bbc6-d38fa5cc89cc,23283,084553d0-b65a-4a89-b0bb-60d22a1fc3ef,2025-04-22 00:58:26.054682,True,LECHE ARMONIA ULTRA PARCIALMENTE DESCREMADA 1 SACHET 1LT,PACK * 9 - LECHE ARMONIA ULTRA PARCIALMENTE DESCREMADA 1 SACHET 1LT,2.0
40505,Unidades,7798085998000,13.0,1,1,unidad,7f6fff65-2792-4195-a624-597af3e7fa29,40505,f45e7258-e9be-4c70-89ce-bce9f3b34d9c,2025-04-22 00:58:26.086472,True,ALCAUCILES COINCO FRASCO 330 GR,ALCAUCILES COINCO FRASCO 330 GR,2.0
40505,Unidades,7798085998000,13.0,12,1,unidad,7f6fff65-2792-4195-a624-597af3e7fa29,40505,27da9638-b42d-42f2-9e8b-dd8b4934f2f6,2025-04-22 00:58:26.086472,True,ALCAUCILES COINCO FRASCO 330 GR,PACK * 12 - ALCAUCILES COINCO FRASCO 330 GR,2.0
322,Unidades,7794990878581,13.0,12,1,unidad,bce08ea3-007a-4013-b75c-bcbda19a8727,322,27a40ab4-ecdb-430f-9de9-7012025444b2,2025-04-22 00:58:26.149891,True,DULCE DE LECHE LA PAULINA 400 GR,PACK * 12 - DULCE DE LECHE LA PAULINA 400 GR,2.0
322,Unidades,7794990878581,13.0,1,1,unidad,bce08ea3-007a-4013-b75c-bcbda19a8727,322,094991cc-7416-4576-a29b-cda11d5aaae8,2025-04-22 00:58:26.149891,True,DULCE DE LECHE LA PAULINA 400 GR,DULCE DE LECHE LA PAULINA 400 GR,2.0
5111,Unidades,7796989007132,13.0,1,1,unidad,da252a0f-0ff0-4edc-86f5-ec9231d36a89,5111,fc034d44-b096-45cf-ab96-c6857d22f356,2025-04-22 00:58:26.165728,True,PAN BLANCO BIMBO 400 GR,PAN BLANCO BIMBO 400 GR,2.0
5111,Unidades,7796989007132,13.0,15,1,unidad,da252a0f-0ff0-4edc-86f5-ec9231d36a89,5111,ea7f7f60-0705-4dff-9b28-c55a126bc2f5,2025-04-22 00:58:26.165728,True,PAN BLANCO BIMBO 400 GR,PACK * 15 - PAN BLANCO BIMBO 400 GR,2.0
22665,Unidades,7798085994064,13.0,6,1,unidad,4f49d188-01f6-4a52-89ec-d8e160aa11d4,22665,6fa8127f-38fc-4f0b-94cf-aa5230c5bfd5,2025-04-22 00:58:26.437397,True,FILET DE ANCHOA ESTRIBOR FRASCO 190 GR,PACK * 6 - FILET DE ANCHOA ESTRIBOR FRASCO 190 GR,2.0
22665,Unidades,7798085994064,13.0,1,1,unidad,4f49d188-01f6-4a52-89ec-d8e160aa11d4,22665,f5012886-5ba1-4869-9473-230e7ba2ffb1,2025-04-22 00:58:26.437397,True,FILET DE ANCHOA ESTRIBOR FRASCO 190 GR,FILET DE ANCHOA ESTRIBOR FRASCO 190 GR,2.0
9061,Unidades,7790174000519,13.0,30,1,unidad,7babea36-72cb-403b-acc9-21275b745e32,9061,03b5887a-3fe7-4105-ad03-0f1866819b65,2025-04-22 00:58:26.509412,True,MEDALLON VEGETALEX ESPINACA 300 GR,PACK * 30 - MEDALLON VEGETALEX ESPINACA 300 GR,2.0
9061,Unidades,7790174000519,13.0,1,1,unidad,7babea36-72cb-403b-acc9-21275b745e32,9061,0360d0c8-e20b-48b6-97e5-0a3c54488587,2025-04-22 00:58:26.509412,True,MEDALLON VEGETALEX ESPINACA 300 GR,MEDALLON VEGETALEX ESPINACA 300 GR,2.0
10354,Unidades,7798062540109,13.0,1,1,unidad,63b856b4-dba3-4536-b8aa-f29bce5ecb31,10354,d282ca3b-91e0-421c-92b6-ca7119a21750,2025-04-22 00:58:26.604701,True,AGUA VILLA DEL SUR SIN GAS 600 ML,AGUA VILLA DEL SUR SIN GAS 600 ML,2.0
10354,Unidades,7798062540109,13.0,12,1,unidad,63b856b4-dba3-4536-b8aa-f29bce5ecb31,10354,db509549-0c5d-4c0a-b9e9-71148b89dfb2,2025-04-22 00:58:26.604701,True,AGUA VILLA DEL SUR SIN GAS 600 ML,PACK * 12 - AGUA VILLA DEL SUR SIN GAS 600 ML,2.0
2766,Unidades,7797906000984,13.0,1,1,unidad,e1e9ed12-ed5e-43ce-98b4-0cdd62013d0e,2766,2fdf601a-07ae-4b4d-a2c7-7ff0c76842f7,2025-04-22 00:58:26.875839,True,PAPAS MC CAIN NOISETTES CONGELADAS 2.5 KG,PAPAS MC CAIN NOISETTES CONGELADAS 2.5 KG,2.0
2766,Unidades,7797906000984,13.0,4,1,unidad,e1e9ed12-ed5e-43ce-98b4-0cdd62013d0e,2766,458e6ce7-b0e5-4550-97f5-2109f642ea8b,2025-04-22 00:58:26.875839,True,PAPAS MC CAIN NOISETTES CONGELADAS 2.5 KG,PACK * 4 - PAPAS MC CAIN NOISETTES CONGELADAS 2.5 KG,2.0
72676,Unidades,7798081285388,13.0,1,1,unidad,ae619b39-4099-4e1f-9ba5-b274ec33cb86,72676,8646dd19-0122-4aef-8a00-818e5772c9b1,2025-04-22 00:58:27.018692,True,BATIDORA DE MANO SMARTLIFE 350W HM1035PN,BATIDORA DE MANO SMARTLIFE 350W HM1035PN,2.0
72676,Unidades,7798081285388,13.0,4,1,unidad,ae619b39-4099-4e1f-9ba5-b274ec33cb86,72676,20c49565-ee4a-47b4-b2e3-aab221275dc7,2025-04-22 00:58:27.018692,True,BATIDORA DE MANO SMARTLIFE 350W HM1035PN,PACK * 4 - BATIDORA DE MANO SMARTLIFE 350W HM1035PN,2.0
70404,Unidades,7896211840138,13.0,25,1,unidad,770daf5d-9093-4cbe-9ff1-ab0e8756800f,70404,19d3921a-50f4-4b6c-b60b-d1aac7f54e10,2025-04-22 00:58:27.990046,True,CUCHARA SIMONAGGIO MADERA 3 UN,PACK * 25 - CUCHARA SIMONAGGIO MADERA 3 UN,2.0
70404,Unidades,7896211840138,13.0,1,1,unidad,770daf5d-9093-4cbe-9ff1-ab0e8756800f,70404,acc101b7-45fe-4512-a183-f9763f805398,2025-04-22 00:58:27.990046,True,CUCHARA SIMONAGGIO MADERA 3 UN,CUCHARA SIMONAGGIO MADERA 3 UN,2.0
72429,Unidades,7798182435101,13.0,1,1,unidad,04a4ea11-2cf7-40a9-a467-6163ad38f41e,72429,20ccd22c-4010-4ab0-9b40-698f8a35715d,2025-04-22 00:58:28.053651,True,REPOSERA OKEY 4 POSICIONES GRIS,REPOSERA OKEY 4 POSICIONES GRIS,2.0
72429,Unidades,7798182435101,13.0,28,1,unidad,04a4ea11-2cf7-40a9-a467-6163ad38f41e,72429,da6cf242-8b93-4348-8850-3cb8adf7a5fd,2025-04-22 00:58:28.053651,True,REPOSERA OKEY 4 POSICIONES GRIS,PACK * 28 - REPOSERA OKEY 4 POSICIONES GRIS,2.0
6331,Unidades,37792389001511,14.0,6,5,unidad,3e2f4715-0177-469b-ba1a-59694dce4b63,6331,0a61dd37-444e-4bab-80d6-d3d3e5a961a8,2025-04-22 00:58:28.263989,True,LAVANDINA X5 COMUN X2L,CAJA * 6 - LAVANDINA X5 COMUN X2L,2.0
70208,Unidades,7792281410038,13.0,1,1,unidad,f803062c-3327-4dba-8232-447ecb56eb76,70208,a8122a20-4f89-4d15-8514-7ba7e8267843,2025-04-22 00:58:28.436830,True,CUCHILLO CAROL MANGO PLASTICO NEGRO 3 UN,CUCHILLO CAROL MANGO PLASTICO NEGRO 3 UN,2.0
70208,Unidades,7792281410038,13.0,24,1,unidad,f803062c-3327-4dba-8232-447ecb56eb76,70208,a1a9ca38-b74e-48b3-9613-df4a7af42291,2025-04-22 00:58:28.436830,True,CUCHILLO CAROL MANGO PLASTICO NEGRO 3 UN,PACK * 24 - CUCHILLO CAROL MANGO PLASTICO NEGRO 3 UN,2.0
62302,Unidades,7798356951253,13.0,18,1,unidad,11b7f6e4-c66f-4f84-bf27-fe2774fbd761,62302,a799d9e8-66f2-4bd5-b048-dc2c3ffdc45b,2025-04-22 00:58:28.976032,True,CALZA LARGA JUV GRIS MEL NOMINAL T SXL,PACK * 18 - CALZA LARGA JUV GRIS MEL NOMINAL T SXL,2.0
20965,Unidades,7898587774925,13.0,1,1,unidad,150e473f-57f9-4551-be03-c0d415a8e5ba,20965,ff1ad4f5-b5d5-459d-b0ea-565e170bd166,2025-04-22 00:58:29.056139,True,ACONDICIONADOR ELVIVE OLEO EXTRAORDINARIO NUTRICION 200 ML,ACONDICIONADOR ELVIVE OLEO EXTRAORDINARIO NUTRICION 200 ML,2.0
20965,Unidades,7898587774925,13.0,12,1,unidad,150e473f-57f9-4551-be03-c0d415a8e5ba,20965,78a0569f-b706-466f-b47c-639617d775d4,2025-04-22 00:58:29.056139,True,ACONDICIONADOR ELVIVE OLEO EXTRAORDINARIO NUTRICION 200 ML,PACK * 12 - ACONDICIONADOR ELVIVE OLEO EXTRAORDINARIO NUTRICION 200 ML,2.0
84123,Unidades,7798182439345,13.0,1,1,unidad,c00fbb1c-d5c8-464e-b453-d66669f055eb,84123,dd99bba2-c638-4749-9007-4e556cdab9ec,2025-04-22 00:58:29.104048,True,SET DE DOCTOR CON ACCESORIOS,SET DE DOCTOR CON ACCESORIOS,2.0
84123,Unidades,7798182439345,13.0,12,1,unidad,c00fbb1c-d5c8-464e-b453-d66669f055eb,84123,bb229397-2f3d-4389-b771-65a33a0e53bb,2025-04-22 00:58:29.104048,True,SET DE DOCTOR CON ACCESORIOS,PACK * 12 - SET DE DOCTOR CON ACCESORIOS,2.0
86924,Unidades,7798081192150,13.0,12,1,unidad,2a56e8a1-0c77-4dcb-a26c-e48b3a7efc90,86924,dda6e429-7245-4441-a8ab-859483db417e,2025-04-22 00:58:29.596660,True,CAJA HERALDPLAST MULTIFUNCION 5 LT TAPA BISAGRA,PACK * 12 - CAJA HERALDPLAST MULTIFUNCION 5 LT TAPA BISAGRA,2.0
86924,Unidades,7798081192150,13.0,1,1,unidad,2a56e8a1-0c77-4dcb-a26c-e48b3a7efc90,86924,6b4df800-f4fa-4455-8546-1a3b80ce8bc1,2025-04-22 00:58:29.596660,True,CAJA HERALDPLAST MULTIFUNCION 5 LT TAPA BISAGRA,CAJA HERALDPLAST MULTIFUNCION 5 LT TAPA BISAGRA,2.0
32072,Unidades,7798107930391,13.0,1,1,unidad,42275d2e-c9ca-43f1-bded-c42c6908270f,32072,aeccdec6-2905-45f8-bb6c-8bb22b03df32,2025-04-22 00:58:29.646376,True,JUGO DE LIMON PRESTIGIO BIDON 5 LT,JUGO DE LIMON PRESTIGIO BIDON 5 LT,2.0
32072,Unidades,7798107930391,13.0,4,1,unidad,42275d2e-c9ca-43f1-bded-c42c6908270f,32072,c235d5d4-d151-405c-a6fa-27d06d429fe7,2025-04-22 00:58:29.646376,True,JUGO DE LIMON PRESTIGIO BIDON 5 LT,PACK * 4 - JUGO DE LIMON PRESTIGIO BIDON 5 LT,2.0
23721,Unidades,17790310985554,14.0,28,5,unidad,13c64a9a-3ae0-4317-a461-38f4b3d6090e,23721,c0510290-6ca2-4abf-b705-9d0814cb4975,2025-04-22 00:58:29.660317,True,PAPAS FRITAS LAY S MOSTAZA 77 GR,CAJA * 28 - PAPAS FRITAS LAY S MOSTAZA 77 GR,2.0
80812,Unidades,7798081192792,13.0,6,1,unidad,ed7150bc-ec60-477c-a90d-51d81eb7221e,80812,14c6eb5e-4dac-4e85-9867-31a7ba2a93bc,2025-04-22 00:58:29.882866,True,CONTENEDOR HERALDPLAST RECTANGULAR 3 U,PACK * 6 - CONTENEDOR HERALDPLAST RECTANGULAR 3 U,2.0
80812,Unidades,7798081192792,13.0,1,1,unidad,ed7150bc-ec60-477c-a90d-51d81eb7221e,80812,c39819d5-81e7-44a1-b005-c0419bd01a0f,2025-04-22 00:58:29.882866,True,CONTENEDOR HERALDPLAST RECTANGULAR 3 U,CONTENEDOR HERALDPLAST RECTANGULAR 3 U,2.0
7145,Unidades,7794990878932,13.0,1,1,unidad,e142681c-13c6-4d44-82e4-145879726afe,7145,feb48c1d-d531-4433-8fd8-711696f43bc5,2025-04-22 00:58:30.073940,True,QUESO UNTABLE LA PAULINA 190 GR,QUESO UNTABLE LA PAULINA 190 GR,2.0
7145,Unidades,7794990878932,13.0,12,1,unidad,e142681c-13c6-4d44-82e4-145879726afe,7145,3c25b5da-f2d2-4ea9-a0a8-5293749bd0e8,2025-04-22 00:58:30.073940,True,QUESO UNTABLE LA PAULINA 190 GR,PACK * 12 - QUESO UNTABLE LA PAULINA 190 GR,2.0
62222,Unidades,17798200540029,14.0,24,5,unidad,6523198e-35d0-411f-b45a-9257bed655a8,62222,2217ce1c-b878-414e-b1d0-64542f870eca,2025-04-22 00:58:30.073940,True,REMERA LISA HOMBRE NEG TSXL NOMINAL,CAJA * 24 - REMERA LISA HOMBRE NEG TSXL NOMINAL,2.0
62252,Unidades,17798200540036,14.0,24,5,unidad,1828221e-f27f-42b3-91f9-ee7f925ae5b0,62252,953064c9-f9fc-4779-b4c7-cd49232772b6,2025-04-22 00:58:30.107527,True,CALZA MUJER MORLEY  NEGRA TSXL NOMINAL,CAJA * 24 - CALZA MUJER MORLEY  NEGRA TSXL NOMINAL,2.0
2768,Unidades,7797906001004,13.0,18,1,unidad,a650131f-5332-4fb5-9520-57e8d635db1b,2768,578de26f-4b2f-4515-a9b9-94dabecf08b0,2025-04-22 00:58:30.454642,True,PAPAS MC CAIN NOISETTES CONGELADAS 500 GR,PACK * 18 - PAPAS MC CAIN NOISETTES CONGELADAS 500 GR,2.0
2768,Unidades,7797906001004,13.0,1,1,unidad,a650131f-5332-4fb5-9520-57e8d635db1b,2768,194f92b3-eae4-4f52-b7de-74388a0ad6b1,2025-04-22 00:58:30.454642,True,PAPAS MC CAIN NOISETTES CONGELADAS 500 GR,PAPAS MC CAIN NOISETTES CONGELADAS 500 GR,2.0
7863,Unidades,7795323002130,13.0,30,1,unidad,15f7d99e-d43b-4ef3-9885-175bea94891c,7863,2f544f28-03b7-4f4e-aeb8-fb9a5328ba8a,2025-04-22 00:58:30.693736,True,LA SERENISIMA BABY 3 BRICK X200 ML,PACK * 30 - LA SERENISIMA BABY 3 BRICK X200 ML,2.0
7863,Unidades,7795323002130,13.0,1,1,unidad,15f7d99e-d43b-4ef3-9885-175bea94891c,7863,13b0f01a-f112-4004-8951-b101f7987c6c,2025-04-22 00:58:30.693736,True,LA SERENISIMA BABY 3 BRICK X200 ML,LA SERENISIMA BABY 3 BRICK X200 ML,2.0
7873,Unidades,7790787003518,13.0,12,1,unidad,3f5e2bfb-7a30-4c01-9c5e-0797db3c492e,7873,ac75dd69-6959-49f1-b19a-c68bba0d197e,2025-04-22 00:58:30.725649,True,QUESO UNTABLE LIGHT ILOLAY C FOLICO Y ZN 290 GR,PACK * 12 - QUESO UNTABLE LIGHT ILOLAY C FOLICO Y ZN 290 GR,2.0
7873,Unidades,7790787003518,13.0,1,1,unidad,3f5e2bfb-7a30-4c01-9c5e-0797db3c492e,7873,da18afce-82fe-4dbc-bc6e-d53545da91b3,2025-04-22 00:58:30.725649,True,QUESO UNTABLE LIGHT ILOLAY C FOLICO Y ZN 290 GR,QUESO UNTABLE LIGHT ILOLAY C FOLICO Y ZN 290 GR,2.0
20966,Unidades,7898587774949,13.0,1,1,unidad,62b48c1f-f4d0-45e0-9ca1-7fb4d827b642,20966,48f8bd6b-eb73-44c4-8d01-c1689a4e4fc4,2025-04-22 00:58:30.805171,True,ACONDICIONADOR ELVIVE OLEO EXTRAORDINARIO NUTRICION 400 ML,ACONDICIONADOR ELVIVE OLEO EXTRAORDINARIO NUTRICION 400 ML,2.0
20966,Unidades,7898587774949,13.0,12,1,unidad,62b48c1f-f4d0-45e0-9ca1-7fb4d827b642,20966,d809dbb6-6d60-4df8-b2fd-812b8274143c,2025-04-22 00:58:30.805171,True,ACONDICIONADOR ELVIVE OLEO EXTRAORDINARIO NUTRICION 400 ML,PACK * 12 - ACONDICIONADOR ELVIVE OLEO EXTRAORDINARIO NUTRICION 400 ML,2.0
70606,Unidades,7790345824005,13.0,1,1,unidad,8de3840d-0791-4e0e-9387-b1c1ea829d41,70606,589f15d2-73b0-4b00-9651-c5ea18071bc3,2025-04-22 00:58:31.324199,True,BALDE  SAMANTA OVALADO CON ESCURRIDOR,BALDE  SAMANTA OVALADO CON ESCURRIDOR,2.0
70606,Unidades,7790345824005,13.0,6,1,unidad,8de3840d-0791-4e0e-9387-b1c1ea829d41,70606,05908463-3e43-4066-a0a2-9056eaa53fdc,2025-04-22 00:58:31.324199,True,BALDE  SAMANTA OVALADO CON ESCURRIDOR,PACK * 6 - BALDE  SAMANTA OVALADO CON ESCURRIDOR,2.0
27320,Unidades,77798151953123,14.0,15,5,unidad,d87164ca-cd65-499b-a5e9-3991eb21a699,27320,b2536afa-18ba-4e7f-be11-231ae40562b4,2025-04-22 00:58:31.347702,True,MANI KING CHEF CREMA Y CEBOLLA 80GR,CAJA * 15 - MANI KING CHEF CREMA Y CEBOLLA 80GR,2.0
80808,Unidades,7798081193348,13.0,1,1,unidad,61e389d5-4ce4-4ccb-bbc9-2133669459f9,80808,f1a3ddad-f3b5-488c-81f7-03f3c0a725e8,2025-04-22 00:58:31.355851,True,COLADOR TUTTI HERALDPLAST,COLADOR TUTTI HERALDPLAST,2.0
80808,Unidades,7798081193348,13.0,12,1,unidad,61e389d5-4ce4-4ccb-bbc9-2133669459f9,80808,c7ef86b0-58f2-46ae-add9-b2bd803983e2,2025-04-22 00:58:31.355851,True,COLADOR TUTTI HERALDPLAST,PACK * 12 - COLADOR TUTTI HERALDPLAST,2.0
86175,Unidades,7796962981725,13.0,3,1,unidad,5346ed74-18d9-4e5e-91eb-3904b69a4fcf,86175,d535327c-4725-437c-8fc4-4fa041c6d352,2025-04-22 00:58:31.769621,True,ESTUFA HALOGENA PHILCO 1800W 3 VELAS PHCU18T1N,PACK * 3 - ESTUFA HALOGENA PHILCO 1800W 3 VELAS PHCU18T1N,2.0
86175,Unidades,7796962981725,13.0,1,1,unidad,5346ed74-18d9-4e5e-91eb-3904b69a4fcf,86175,6188c4ce-c122-4969-afa8-2aa79d2b0ea9,2025-04-22 00:58:31.769621,True,ESTUFA HALOGENA PHILCO 1800W 3 VELAS PHCU18T1N,ESTUFA HALOGENA PHILCO 1800W 3 VELAS PHCU18T1N,2.0
5149,Unidades,7793890000405,13.0,16,1,unidad,9b8d75c0-3548-4bbe-9e49-2693b6fbfc16,5149,312de871-5029-4120-aea4-5b3c88cb3927,2025-04-22 00:58:31.817189,True,PAN PANCHO LACTAL X 210 GR,PACK * 16 - PAN PANCHO LACTAL X 210 GR,2.0
5149,Unidades,7793890000405,13.0,1,1,unidad,9b8d75c0-3548-4bbe-9e49-2693b6fbfc16,5149,622af4bd-5ef6-4356-b873-7d68fc0a79f0,2025-04-22 00:58:31.817189,True,PAN PANCHO LACTAL X 210 GR,PAN PANCHO LACTAL X 210 GR,2.0
11574,Unidades,7794770100901,13.0,1,1,unidad,f308ebc8-65f9-440e-82e1-782c877733bd,11574,185ec5a2-eaa0-4af9-bfe7-840b2a52fdbd,2025-04-22 00:58:31.817189,True,ACEITUNAS YOVINESSA VERDE DOY PACK 500 GR,ACEITUNAS YOVINESSA VERDE DOY PACK 500 GR,2.0
11574,Unidades,7794770100901,13.0,6,1,unidad,f308ebc8-65f9-440e-82e1-782c877733bd,11574,998750fb-b145-4360-a51e-4523c6071d12,2025-04-22 00:58:31.817189,True,ACEITUNAS YOVINESSA VERDE DOY PACK 500 GR,PACK * 6 - ACEITUNAS YOVINESSA VERDE DOY PACK 500 GR,2.0
9046,Unidades,7791218000724,13.0,21,1,unidad,cf112cb6-dc65-4207-9504-56bd68d0c246,9046,ee147de9-25f4-4125-8e25-bd2bdd2130c0,2025-04-22 00:58:33.503791,True,SUSTITUTO DE CARNE MAGIA CARNE 250 GR,PACK * 21 - SUSTITUTO DE CARNE MAGIA CARNE 250 GR,2.0
9046,Unidades,7791218000724,13.0,1,1,unidad,cf112cb6-dc65-4207-9504-56bd68d0c246,9046,17d70e69-274b-4d9d-8a3c-128a0b9be959,2025-04-22 00:58:33.503791,True,SUSTITUTO DE CARNE MAGIA CARNE 250 GR,SUSTITUTO DE CARNE MAGIA CARNE 250 GR,2.0
22147,Unidades,17622201818637,14.0,144,5,unidad,fc2268f3-ba74-4d64-a4af-595e6526a610,22147,15eee31a-6598-4eae-9cf7-a82bf5b36529,2025-04-22 00:58:33.601004,True,CHOCOLATE CADBURY YOGURT FRUTILLA 29 GR,CAJA * 144 - CHOCOLATE CADBURY YOGURT FRUTILLA 29 GR,2.0
10999,Unidades,7798085997966,13.0,1,1,unidad,e174d300-404f-4d2a-94d8-b54b5d22a6bc,10999,9e767a3a-5a3c-4588-8a3f-17e02a8cdda6,2025-04-22 00:58:33.711664,True,AJIES COINCO FRASCO 330 GR,AJIES COINCO FRASCO 330 GR,2.0
10999,Unidades,7798085997966,13.0,12,1,unidad,e174d300-404f-4d2a-94d8-b54b5d22a6bc,10999,39590b7a-48d5-49e1-ab04-d3299c5534cc,2025-04-22 00:58:33.711664,True,AJIES COINCO FRASCO 330 GR,PACK * 12 - AJIES COINCO FRASCO 330 GR,2.0
9062,Unidades,7790174000472,13.0,1,1,unidad,d060744e-8661-4f45-aca0-7510f5e6cd40,9062,021ba470-ec59-4412-8a3e-11152036642c,2025-04-22 00:58:33.925367,True,MEDALLONES VEGETALEX VERDURAS 300 GR,MEDALLONES VEGETALEX VERDURAS 300 GR,2.0
9062,Unidades,7790174000472,13.0,30,1,unidad,d060744e-8661-4f45-aca0-7510f5e6cd40,9062,94cb74e7-e0db-4791-b61c-5ed5b7415ff8,2025-04-22 00:58:33.925367,True,MEDALLONES VEGETALEX VERDURAS 300 GR,PACK * 30 - MEDALLONES VEGETALEX VERDURAS 300 GR,2.0
7991,Unidades,7794990879731,13.0,4,1,unidad,f68ffb9a-27fe-410c-8086-6522fc179854,7991,5a211576-8bd0-48a6-8595-0513e8fb79f8,2025-04-22 00:58:34.036911,True,CREMA DE LECHE LA PAULINA POU 5 LT,PACK * 4 - CREMA DE LECHE LA PAULINA POU 5 LT,2.0
7991,Unidades,7794990879731,13.0,1,1,unidad,f68ffb9a-27fe-410c-8086-6522fc179854,7991,7722c240-6784-4a7f-86fe-c3afec72c515,2025-04-22 00:58:34.036911,True,CREMA DE LECHE LA PAULINA POU 5 LT,CREMA DE LECHE LA PAULINA POU 5 LT,2.0
74404,Unidades,7798104663155,13.0,1,1,unidad,18ad5855-10a2-4600-8bdc-b4dd3466ae38,74404,4dd16bcc-5637-4920-96cc-d8390315703d,2025-04-22 00:58:34.180154,True,SECAPLATOS MULTIENVASE DELUXE,SECAPLATOS MULTIENVASE DELUXE,2.0
74404,Unidades,7798104663155,13.0,12,1,unidad,18ad5855-10a2-4600-8bdc-b4dd3466ae38,74404,9a0b1899-3f8b-4f4e-9948-3b53e8e34e15,2025-04-22 00:58:34.180154,True,SECAPLATOS MULTIENVASE DELUXE,PACK * 12 - SECAPLATOS MULTIENVASE DELUXE,2.0
70493,Unidades,7798104663308,13.0,1,1,unidad,9c276849-43a7-400d-a72f-3d4d0f6a0bef,70493,ab96d2b6-d077-45aa-adb1-aa139dfc5da1,2025-04-22 00:58:34.537602,True,TABLA PIZZERA MULTIENVASE PLASTICA 35 CM,TABLA PIZZERA MULTIENVASE PLASTICA 35 CM,2.0
70493,Unidades,7798104663308,13.0,12,1,unidad,9c276849-43a7-400d-a72f-3d4d0f6a0bef,70493,1cb9f232-eb0b-43f2-9dac-ba039baa53c2,2025-04-22 00:58:34.537602,True,TABLA PIZZERA MULTIENVASE PLASTICA 35 CM,PACK * 12 - TABLA PIZZERA MULTIENVASE PLASTICA 35 CM,2.0
77207,Unidades,7798081192297,13.0,12,1,unidad,ce81dfc5-d397-4f9e-97c3-aa675b828727,77207,dd7f972e-1704-4d19-931c-9aa531621e79,2025-04-22 00:58:34.991688,True,CESTO HERALDPLAST PAPELERO PLASTICO,PACK * 12 - CESTO HERALDPLAST PAPELERO PLASTICO,2.0
77207,Unidades,7798081192297,13.0,1,1,unidad,ce81dfc5-d397-4f9e-97c3-aa675b828727,77207,2f31d5d6-d533-4fe6-b428-9d9e5c117e8e,2025-04-22 00:58:34.991688,True,CESTO HERALDPLAST PAPELERO PLASTICO,CESTO HERALDPLAST PAPELERO PLASTICO,2.0
5357,Unidades,7791274196041,13.0,12,1,unidad,291febc2-ca48-4b49-bf37-0a241e13e639,5357,85d27bd1-a17a-43b0-811e-4b195c0d96c0,2025-04-22 00:58:35.087891,True,JABON LIQUIDO ALGABO GREEN TEA DOYPACK 300 ML,PACK * 12 - JABON LIQUIDO ALGABO GREEN TEA DOYPACK 300 ML,2.0
5357,Unidades,7791274196041,13.0,1,1,unidad,291febc2-ca48-4b49-bf37-0a241e13e639,5357,0e43e20e-abe3-4987-9302-169b5a95abda,2025-04-22 00:58:35.087891,True,JABON LIQUIDO ALGABO GREEN TEA DOYPACK 300 ML,JABON LIQUIDO ALGABO GREEN TEA DOYPACK 300 ML,2.0
86629,Unidades,7796399506782,13.0,12,1,unidad,68b61434-d5d4-481b-921c-ababec3f54a1,86629,607464c9-8e1c-4328-95e5-6312aad5b6db,2025-04-22 00:58:36.717906,True,SILICONA SILISUR 350 GRS MULTIUSO AEROSOL,PACK * 12 - SILICONA SILISUR 350 GRS MULTIUSO AEROSOL,2.0
86629,Unidades,7796399506782,13.0,1,1,unidad,68b61434-d5d4-481b-921c-ababec3f54a1,86629,a0ebc967-f02f-4714-9624-f00d44112476,2025-04-22 00:58:36.717906,True,SILICONA SILISUR 350 GRS MULTIUSO AEROSOL,SILICONA SILISUR 350 GRS MULTIUSO AEROSOL,2.0
80223,Unidades,7891361713646,13.0,24,1,unidad,aa6f9451-7205-44dc-aa4b-c0ba702d33e4,80223,c22a6f5e-95e2-45fc-a2af-fce85d762a7f,2025-04-22 00:58:36.717906,True,PLATO OXFORD PLAYO PORCELANA BLANCA 25CM,PACK * 24 - PLATO OXFORD PLAYO PORCELANA BLANCA 25CM,2.0
80223,Unidades,7891361713646,13.0,1,1,unidad,aa6f9451-7205-44dc-aa4b-c0ba702d33e4,80223,65f39375-bac8-4b51-a0a2-baacf7420c33,2025-04-22 00:58:36.717906,True,PLATO OXFORD PLAYO PORCELANA BLANCA 25CM,PLATO OXFORD PLAYO PORCELANA BLANCA 25CM,2.0
27522,Unidades,17792389000329,14.0,12,5,unidad,366b19cd-b768-4a5c-9ffa-fef821cf3231,27522,98af4050-293a-4592-9df3-43a8ee6b4198,2025-04-22 00:58:36.823252,True,LAVANDINA X5 CONCENTRADA X1L,CAJA * 12 - LAVANDINA X5 CONCENTRADA X1L,2.0
72834,Unidades,7798122245821,13.0,1,1,unidad,3cb86bd5-cd94-44fc-88f2-07cc3237e050,72834,3d8951bd-9010-4ddd-b447-62747f8ac252,2025-04-22 00:58:37.976432,True,BICICLETA MTB R29 LYNCE ALUM SHIMANO DISCO SUSP. AZUL,BICICLETA MTB R29 LYNCE ALUM SHIMANO DISCO SUSP. AZUL,2.0
45303,Unidades,7896020621157,13.0,1,1,unidad,63c67d1d-a9f7-4924-bcd9-7ccf4243028e,45303,fe17c309-7bf3-4158-97e1-f54f36b0eb11,2025-04-22 00:58:38.360148,True,REPOSERA MOR ALUMINIO SUMMER 86X63X71 CMS,REPOSERA MOR ALUMINIO SUMMER 86X63X71 CMS,2.0
45303,Unidades,7896020621157,13.0,3,1,unidad,63c67d1d-a9f7-4924-bcd9-7ccf4243028e,45303,f812ebec-f04a-4749-8871-453079534860,2025-04-22 00:58:38.360148,True,REPOSERA MOR ALUMINIO SUMMER 86X63X71 CMS,PACK * 3 - REPOSERA MOR ALUMINIO SUMMER 86X63X71 CMS,2.0
12359,Unidades,7792340000118,13.0,1,1,unidad,faf67645-a2f4-44c8-827e-75a686a42368,12359,99301fac-1043-407f-89d9-7a6e011f8411,2025-04-22 00:58:38.691306,True,CEBOLLITAS MERIDIANO FRASCO 330 GR,CEBOLLITAS MERIDIANO FRASCO 330 GR,2.0
12359,Unidades,7792340000118,13.0,12,1,unidad,faf67645-a2f4-44c8-827e-75a686a42368,12359,dc616836-2bfe-45ee-8557-c98be9fb2435,2025-04-22 00:58:38.691306,True,CEBOLLITAS MERIDIANO FRASCO 330 GR,PACK * 12 - CEBOLLITAS MERIDIANO FRASCO 330 GR,2.0
15201,Unidades,7795541002783,13.0,1,1,unidad,effb3b4a-96e5-47dc-b239-0dee53f3bbef,15201,b7c53e5a-efce-4e40-958d-cde0d3077701,2025-04-22 00:58:38.786635,True,BOLSA DE RESIDUOS GOOD ROLLO 45X60 30 UN,BOLSA DE RESIDUOS GOOD ROLLO 45X60 30 UN,2.0
15201,Unidades,7795541002783,13.0,50,1,unidad,effb3b4a-96e5-47dc-b239-0dee53f3bbef,15201,6595edba-eb1e-4293-8246-2331af5ce34f,2025-04-22 00:58:38.786635,True,BOLSA DE RESIDUOS GOOD ROLLO 45X60 30 UN,PACK * 50 - BOLSA DE RESIDUOS GOOD ROLLO 45X60 30 UN,2.0
70279,Unidades,7798081193249,13.0,12,1,unidad,f4515b14-df5e-4bd0-a467-451f50635ee1,70279,5acec3bc-6f9f-4cab-a39f-6c622331c02d,2025-04-22 00:58:39.034631,True,CESTO HERALDPLAST TAPA VAIVEN 6 LT,PACK * 12 - CESTO HERALDPLAST TAPA VAIVEN 6 LT,2.0
70279,Unidades,7798081193249,13.0,1,1,unidad,f4515b14-df5e-4bd0-a467-451f50635ee1,70279,aea39137-c17a-4836-8189-e02cb598dcaa,2025-04-22 00:58:39.034631,True,CESTO HERALDPLAST TAPA VAIVEN 6 LT,CESTO HERALDPLAST TAPA VAIVEN 6 LT,2.0
3079,Unidades,7790206009503,13.0,12,1,unidad,5f43ae89-c45b-4497-8c66-dbd813e4e0e6,3079,15c95bf3-fddc-4abd-bbcf-5e81779688f6,2025-04-22 00:58:39.764027,True,PARAGÃITAS DE CHOCOLATE FELFORT 40 UN,PACK * 12 - PARAGÃITAS DE CHOCOLATE FELFORT 40 UN,2.0
3079,Unidades,7790206009503,13.0,1,1,unidad,5f43ae89-c45b-4497-8c66-dbd813e4e0e6,3079,715609f1-20a8-4c94-a872-e4c335b0c2c8,2025-04-22 00:58:39.764027,True,PARAGÃITAS DE CHOCOLATE FELFORT 40 UN,PARAGÃITAS DE CHOCOLATE FELFORT 40 UN,2.0
53191,Unidades,07798146,8.0,1,11,unidad,7b6df997-6622-4061-836e-c930aa803e51,53191,ba879676-cfc3-476d-a961-e6e0c3c3f72d,2025-04-22 00:58:40.631782,True,MANI CROCANTE JL SALADO 500 GR,MANI CROCANTE JL SALADO 500 GR,2.0
43047,Unidades,27796373002938,14.0,12,5,unidad,5f6232a8-5d60-40ac-ac81-47a15d808ef6,43047,db4e5555-b317-438d-a884-2c018e4811ad,2025-04-22 00:58:40.688964,True,SALSA LA PARMESANA PICANTE CAYENA X 180G.,CAJA * 12 - SALSA LA PARMESANA PICANTE CAYENA X 180G.,2.0
11004,Unidades,7798085998024,13.0,1,1,unidad,28b6e281-04b2-4db2-850e-709490347074,11004,392bb4c6-45db-4ba9-9465-97046e95c979,2025-04-22 00:58:41.367886,True,CEREZAS COINCO FRASCO 390 GR,CEREZAS COINCO FRASCO 390 GR,2.0
11004,Unidades,7798085998024,13.0,12,1,unidad,28b6e281-04b2-4db2-850e-709490347074,11004,4a251478-dc4b-4665-ad90-356f97bb9b34,2025-04-22 00:58:41.367886,True,CEREZAS COINCO FRASCO 390 GR,PACK * 12 - CEREZAS COINCO FRASCO 390 GR,2.0
70211,Unidades,7792281406031,13.0,24,1,unidad,4f19f299-d476-4850-895a-d9e7a2b80e60,70211,4c548595-b343-4949-9d8e-1b948fcadeb4,2025-04-22 00:58:41.733011,True,CUCHARITAS CAROL MANGO PLASTICO 3 UN,PACK * 24 - CUCHARITAS CAROL MANGO PLASTICO 3 UN,2.0
70211,Unidades,7792281406031,13.0,1,1,unidad,4f19f299-d476-4850-895a-d9e7a2b80e60,70211,5abe96b1-3646-4aa0-b54a-c4f25ce024e2,2025-04-22 00:58:41.733011,True,CUCHARITAS CAROL MANGO PLASTICO 3 UN,CUCHARITAS CAROL MANGO PLASTICO 3 UN,2.0
76064,Unidades,7798104662790,13.0,12,1,unidad,1cca7be8-c171-4e3f-97ec-58ea990b8655,76064,3f5d0d14-0606-4e33-bc6e-91f3b9fd21a3,2025-04-22 00:58:41.768771,True,CANASTO MULTIENVASE ROPA RECTANGULAR 35L,PACK * 12 - CANASTO MULTIENVASE ROPA RECTANGULAR 35L,2.0
76064,Unidades,7798104662790,13.0,1,1,unidad,1cca7be8-c171-4e3f-97ec-58ea990b8655,76064,73cf76c1-2e90-4949-986e-e960048ce919,2025-04-22 00:58:41.768771,True,CANASTO MULTIENVASE ROPA RECTANGULAR 35L,CANASTO MULTIENVASE ROPA RECTANGULAR 35L,2.0
70558,Unidades,7798081191436,13.0,1,1,unidad,e1a17f83-9586-43b8-9d22-69ecca58aaf5,70558,145b8683-5e7d-4009-b1ca-75348abe2925,2025-04-22 00:58:42.082390,True,ESCURRIDOR CENTRIFUGA HERALDPLAST,ESCURRIDOR CENTRIFUGA HERALDPLAST,2.0
70558,Unidades,7798081191436,13.0,24,1,unidad,e1a17f83-9586-43b8-9d22-69ecca58aaf5,70558,38d7aeb1-b221-407f-8268-7fbc15fd58d6,2025-04-22 00:58:42.082390,True,ESCURRIDOR CENTRIFUGA HERALDPLAST,PACK * 24 - ESCURRIDOR CENTRIFUGA HERALDPLAST,2.0
9047,Unidades,7791218000731,13.0,21,1,unidad,fd11db9d-20d9-4956-8050-d731f5dd25c8,9047,da1ed7df-744e-43a4-a5e1-685651cbaa1d,2025-04-22 00:58:42.170252,True,SUSTITUTO DE POLLO MAGIA 250 GR,PACK * 21 - SUSTITUTO DE POLLO MAGIA 250 GR,2.0
9047,Unidades,7791218000731,13.0,1,1,unidad,fd11db9d-20d9-4956-8050-d731f5dd25c8,9047,ee12ef43-9435-4721-8b6b-a47b0070f4ea,2025-04-22 00:58:42.170252,True,SUSTITUTO DE POLLO MAGIA 250 GR,SUSTITUTO DE POLLO MAGIA 250 GR,2.0
9304,Unidades,7793893001980,13.0,1,1,unidad,00157932-cc73-46ca-9b2d-a952aef7a992,9304,98d3bcf2-5ea0-423e-9390-fc83a4b66d8d,2025-04-22 00:58:42.393146,True,SALAMIN PICADO GRUESO PIAMONTESA 150 GR,SALAMIN PICADO GRUESO PIAMONTESA 150 GR,2.0
9304,Unidades,7793893001980,13.0,14,1,unidad,00157932-cc73-46ca-9b2d-a952aef7a992,9304,828d8517-4574-4c8c-b934-e3670770a180,2025-04-22 00:58:42.393146,True,SALAMIN PICADO GRUESO PIAMONTESA 150 GR,PACK * 14 - SALAMIN PICADO GRUESO PIAMONTESA 150 GR,2.0
11576,Unidades,7794770100758,13.0,1,1,unidad,613cd2fd-ff95-4fd7-badf-58cfe46855ff,11576,70b0fb3a-137d-4029-a2ee-7d2435d5152d,2025-04-22 00:58:42.647553,True,ACEITUNAS YOVINESSA VERDE DESCAROZADA DOY PACK 150 GR,ACEITUNAS YOVINESSA VERDE DESCAROZADA DOY PACK 150 GR,2.0
11576,Unidades,7794770100758,13.0,12,1,unidad,613cd2fd-ff95-4fd7-badf-58cfe46855ff,11576,adcf8226-8c44-4e4b-a8c9-922e80ce1081,2025-04-22 00:58:42.647553,True,ACEITUNAS YOVINESSA VERDE DESCAROZADA DOY PACK 150 GR,PACK * 12 - ACEITUNAS YOVINESSA VERDE DESCAROZADA DOY PACK 150 GR,2.0
40062,Unidades,7798127922109,13.0,6,1,unidad,d89b32d8-0040-4a51-b07a-1d931034cca6,40062,8bb600fb-d62c-402e-b32d-40066d3c0296,2025-04-22 00:58:42.728237,True,MORRONES SALVITA 2.5 KG,PACK * 6 - MORRONES SALVITA 2.5 KG,2.0
40062,Unidades,7798127922109,13.0,1,1,unidad,d89b32d8-0040-4a51-b07a-1d931034cca6,40062,bba8fb20-e98e-49b1-aa97-0a4ee8a2cd7b,2025-04-22 00:58:42.728237,True,MORRONES SALVITA 2.5 KG,MORRONES SALVITA 2.5 KG,2.0
11000,Unidades,7798085997973,13.0,4,1,unidad,02ef5713-7ba8-4a6c-ab71-3396ef814c1d,11000,d92c312b-ec99-4b7e-9225-b1c71e58a31d,2025-04-22 00:58:42.999273,True,AJIES COINCO FRASCO 3 KG,PACK * 4 - AJIES COINCO FRASCO 3 KG,2.0
11000,Unidades,7798085997973,13.0,1,1,unidad,02ef5713-7ba8-4a6c-ab71-3396ef814c1d,11000,a3dfb295-3df6-413e-b4d9-afc66da368bd,2025-04-22 00:58:42.999273,True,AJIES COINCO FRASCO 3 KG,AJIES COINCO FRASCO 3 KG,2.0
5366,Unidades,7791274000737,13.0,12,1,unidad,b498606d-e3e8-4341-ab7d-428b2f32c90b,5366,5fccdfcb-6cc0-498d-9646-b95a40c5ce62,2025-04-22 00:58:43.387891,True,JABON LIQUIDO ALGABO COCO  VAINILLA DOYPACK 300 ML,PACK * 12 - JABON LIQUIDO ALGABO COCO  VAINILLA DOYPACK 300 ML,2.0
5366,Unidades,7791274000737,13.0,1,1,unidad,b498606d-e3e8-4341-ab7d-428b2f32c90b,5366,9c0a3711-5d83-419b-bbb0-26dd7758ef25,2025-04-22 00:58:43.387891,True,JABON LIQUIDO ALGABO COCO  VAINILLA DOYPACK 300 ML,JABON LIQUIDO ALGABO COCO  VAINILLA DOYPACK 300 ML,2.0
4799,Unidades,7790080065169,13.0,20,1,unidad,7d01ec90-dce2-451e-89cd-d4995d19229e,4799,1df7abfc-9d7e-4809-b814-fc72f81d4f82,2025-04-22 00:58:43.899234,True,YOGUR VAINILLA SANCOR 190 GR,PACK * 20 - YOGUR VAINILLA SANCOR 190 GR,2.0
4799,Unidades,7790080065169,13.0,1,1,unidad,7d01ec90-dce2-451e-89cd-d4995d19229e,4799,b258c0a2-94b0-42cb-8110-a0a362ff5cb7,2025-04-22 00:58:43.899234,True,YOGUR VAINILLA SANCOR 190 GR,YOGUR VAINILLA SANCOR 190 GR,2.0
11470,Unidades,7793893002000,13.0,10,1,unidad,ebd08d04-52e0-48ce-992f-a2bbffbb19c4,11470,ff892d50-6d01-4066-a1ec-d2a2529e050f,2025-04-22 00:58:44.102640,True,SALCHICHON CON JAMON PIAMONTESA 300 GR,PACK * 10 - SALCHICHON CON JAMON PIAMONTESA 300 GR,2.0
11470,Unidades,7793893002000,13.0,1,1,unidad,ebd08d04-52e0-48ce-992f-a2bbffbb19c4,11470,704da4e4-63cb-4e07-8c8d-2ab2d2849b61,2025-04-22 00:58:44.102640,True,SALCHICHON CON JAMON PIAMONTESA 300 GR,SALCHICHON CON JAMON PIAMONTESA 300 GR,2.0
21921,Unidades,17798111381261,14.0,144,5,unidad,895ffdbd-56f0-4d49-b6df-28558f967ae5,21921,1850a326-5951-43c8-9110-dba2e1d2e2c1,2025-04-22 00:58:44.197575,True,ALFAJOR SUCCESSO MERENGUE CON FRUTOS DE BOSQUE 50GR,CAJA * 144 - ALFAJOR SUCCESSO MERENGUE CON FRUTOS DE BOSQUE 50GR,2.0
72679,Unidades,7798081285500,13.0,1,1,unidad,bee5427f-10c9-475b-a906-e7797253b2a6,72679,f8f36ef7-df1d-4522-872b-379f9b747f04,2025-04-22 00:58:44.811769,True,PLANCHA A VAPOR SMARTLIFE 1740W SM2473PN,PLANCHA A VAPOR SMARTLIFE 1740W SM2473PN,2.0
72679,Unidades,7798081285500,13.0,4,1,unidad,bee5427f-10c9-475b-a906-e7797253b2a6,72679,66ad9c6c-67c6-4b55-9bf2-0d2ee8978c97,2025-04-22 00:58:44.811769,True,PLANCHA A VAPOR SMARTLIFE 1740W SM2473PN,PACK * 4 - PLANCHA A VAPOR SMARTLIFE 1740W SM2473PN,2.0
45674,Unidades,736372259387,12.0,1,2,unidad,ca515349-441c-4985-9dab-751d2e135389,45674,e40c1bbd-e679-421a-b91d-50aff13b829e,2025-04-22 00:58:45.179552,True,COOLER BAG PLEGABLE 50LT,COOLER BAG PLEGABLE 50LT,2.0
45674,Unidades,736372259387,12.0,6,2,unidad,ca515349-441c-4985-9dab-751d2e135389,45674,891f38d8-4f4a-44df-83c9-c3962480867f,2025-04-22 00:58:45.179552,True,COOLER BAG PLEGABLE 50LT,COOLER BAG PLEGABLE 50LT,2.0
45023,Unidades,7896020615514,13.0,30,1,unidad,29d9d956-e84f-48ce-89d5-fa9b9ea6351a,45023,d0f151c6-2d50-40be-a396-7a797e9c4994,2025-04-22 00:58:45.375909,True,FLOTADOR MOR 1.60 MTS POLIETILENO,PACK * 30 - FLOTADOR MOR 1.60 MTS POLIETILENO,2.0
45023,Unidades,7896020615514,13.0,1,1,unidad,29d9d956-e84f-48ce-89d5-fa9b9ea6351a,45023,cc288b4a-c2d3-49ef-9841-d68d21951539,2025-04-22 00:58:45.375909,True,FLOTADOR MOR 1.60 MTS POLIETILENO,FLOTADOR MOR 1.60 MTS POLIETILENO,2.0
21810,Unidades,7790560002349,13.0,1,1,unidad,f6c7ad69-ff74-4bfa-88cb-ccc2b6543b97,21810,c639aacd-3889-4176-b20d-339b2498723a,2025-04-22 00:58:45.997560,True,SET DE LIMPIEZA LIMPEX PRO,SET DE LIMPIEZA LIMPEX PRO,2.0
21810,Unidades,7790560002349,13.0,4,1,unidad,f6c7ad69-ff74-4bfa-88cb-ccc2b6543b97,21810,82743fd1-561e-45c0-848c-e94654579da5,2025-04-22 00:58:45.997560,True,SET DE LIMPIEZA LIMPEX PRO,PACK * 4 - SET DE LIMPIEZA LIMPEX PRO,2.0
23468,Unidades,17792180136838,14.0,1,5,unidad,5df3ad35-1d45-446f-bef3-8ad8ee172115,23468,9566518a-788a-4127-95ae-6345c303dcae,2025-04-22 00:58:46.863560,True,PAN MIGNON CANUELAS,PAN MIGNON CANUELAS,2.0
3275,Unidades,7790206007509,13.0,1,1,unidad,2a9316e5-0c7d-4974-8f75-7ef4cc874988,3275,7442b247-8431-43fa-b2ab-3bb43738edec,2025-04-22 00:58:46.976086,True,BOCADITOS DOS CORAZONES 20 X 26 G,BOCADITOS DOS CORAZONES 20 X 26 G,2.0
3275,Unidades,7790206007509,13.0,12,1,unidad,2a9316e5-0c7d-4974-8f75-7ef4cc874988,3275,952f5aba-6b91-4992-a102-8cae65b6aa18,2025-04-22 00:58:46.976086,True,BOCADITOS DOS CORAZONES 20 X 26 G,PACK * 12 - BOCADITOS DOS CORAZONES 20 X 26 G,2.0
32642,Unidades,7794612157100,13.0,8,1,unidad,c4fca2c7-eadc-4651-b4a2-6e5284b65575,32642,1afc03bc-7d19-4e43-9cd9-6edc2c2448d3,2025-04-22 00:58:47.178882,True,BOMBON DANCING ESTUCHE 425 GR,PACK * 8 - BOMBON DANCING ESTUCHE 425 GR,2.0
32642,Unidades,7794612157100,13.0,1,1,unidad,c4fca2c7-eadc-4651-b4a2-6e5284b65575,32642,f5c47486-c19d-4456-bed7-18e32213c54b,2025-04-22 00:58:47.178882,True,BOMBON DANCING ESTUCHE 425 GR,BOMBON DANCING ESTUCHE 425 GR,2.0
11001,Unidades,7798085997980,13.0,1,1,unidad,039ef4a3-38b2-4fba-b487-69cdd31ee022,11001,2496dbf4-b159-472d-a6ae-345219b2a2a6,2025-04-22 00:58:47.707681,True,ALCAPARRAS COINCO FRASCO 100 GR,ALCAPARRAS COINCO FRASCO 100 GR,2.0
11001,Unidades,7798085997980,13.0,20,1,unidad,039ef4a3-38b2-4fba-b487-69cdd31ee022,11001,f3ded4d7-ca46-4cba-8c32-f816820eea89,2025-04-22 00:58:47.707681,True,ALCAPARRAS COINCO FRASCO 100 GR,PACK * 20 - ALCAPARRAS COINCO FRASCO 100 GR,2.0
25231,Unidades,7793940306006,13.0,17,1,unidad,d1b8189b-41f3-4625-a690-be73c683d6d3,25231,2abad8aa-4bd5-43a7-82f3-81aafdf7854d,2025-04-22 00:58:47.946519,True,LECHE ARMONIA ULTRA PARC DESCREMADA 1 FORT SACH 1L,PACK * 17 - LECHE ARMONIA ULTRA PARC DESCREMADA 1 FORT SACH 1L,2.0
14852,Unidades,7794728002011,13.0,12,1,unidad,23032372-4459-4a31-9ed5-e2eed297be61,14852,84347c58-a4fc-4c7b-847a-b5d8c90b6cc2,2025-04-22 00:58:48.082233,True,CERA DEPIMANIA  NATURAL POTE X 150 GR,PACK * 12 - CERA DEPIMANIA  NATURAL POTE X 150 GR,2.0
14852,Unidades,7794728002011,13.0,1,1,unidad,23032372-4459-4a31-9ed5-e2eed297be61,14852,39a520b2-421e-4734-8280-fa5f79ff8afb,2025-04-22 00:58:48.082233,True,CERA DEPIMANIA  NATURAL POTE X 150 GR,CERA DEPIMANIA  NATURAL POTE X 150 GR,2.0
80807,Unidades,7798081192815,13.0,1,1,unidad,be404e20-9d68-4684-aa67-7b8fab913af4,80807,577786ef-52ef-4c4e-adbf-4c60fc793c12,2025-04-22 00:58:48.305366,True,CONTENEDOR HERALDPLAST RECTANGULAR 4 U,CONTENEDOR HERALDPLAST RECTANGULAR 4 U,2.0
80807,Unidades,7798081192815,13.0,6,1,unidad,be404e20-9d68-4684-aa67-7b8fab913af4,80807,2f9b65d5-ae71-41c5-9f59-82d584f9772e,2025-04-22 00:58:48.305366,True,CONTENEDOR HERALDPLAST RECTANGULAR 4 U,PACK * 6 - CONTENEDOR HERALDPLAST RECTANGULAR 4 U,2.0
62297,Unidades,7798356951253,13.0,28,1,unidad,03c8455a-97b8-4cbd-a4e1-9703744e65cc,62297,921dc881-6588-40cb-9fab-b266a9b5c618,2025-04-22 00:58:48.416745,True,REMERA MANGA CORTA BLANCO NOMINAL T 216,PACK * 28 - REMERA MANGA CORTA BLANCO NOMINAL T 216,2.0
21587,Unidades,27796373002938,14.0,30,5,unidad,85199f55-4caf-499e-956c-7c8317f07ca5,21587,1d3f08bb-1a81-42c6-a60f-9a6e99865778,2025-04-22 00:58:48.611253,True,ESPECIAS LA PARMESANA PIMIENTA NEGRA 50 GR,CAJA * 30 - ESPECIAS LA PARMESANA PIMIENTA NEGRA 50 GR,2.0
84117,Unidades,7798182439284,13.0,36,1,unidad,19d1ca60-b770-41f2-b3d4-467c6961674b,84117,1de5d2a4-f5ca-414d-864e-a091132b7abf,2025-04-22 00:58:49.059374,True,PISTOLA 22 CMS 6 DARDOS CBLANCO,PACK * 36 - PISTOLA 22 CMS 6 DARDOS CBLANCO,2.0
84117,Unidades,7798182439284,13.0,1,1,unidad,19d1ca60-b770-41f2-b3d4-467c6961674b,84117,772d3ea0-f662-4393-980a-0a13f54dde93,2025-04-22 00:58:49.059374,True,PISTOLA 22 CMS 6 DARDOS CBLANCO,PISTOLA 22 CMS 6 DARDOS CBLANCO,2.0
23285,Unidades,7790742330703,13.0,9,1,unidad,4953db10-326f-4838-b8c3-90fd7db52282,23285,795a09a8-2922-43f2-910c-d2aa97218195,2025-04-22 00:58:49.562335,True,LECHE ARMONIA ULTRA PARCIALMENTE DESCREMADA 2 SACHET 1LT,PACK * 9 - LECHE ARMONIA ULTRA PARCIALMENTE DESCREMADA 2 SACHET 1LT,2.0
72426,Unidades,7798182432513,13.0,6,1,unidad,dff42860-de34-436b-9813-8a9ffaa65242,72426,7acba428-f301-4c47-ae08-da24f3702bf4,2025-04-22 00:58:49.634330,True,SILLA CAMPING HANZE PLEGABLE DELUXE,PACK * 6 - SILLA CAMPING HANZE PLEGABLE DELUXE,2.0
72426,Unidades,7798182432513,13.0,1,1,unidad,dff42860-de34-436b-9813-8a9ffaa65242,72426,46f1e816-5691-4ae1-a1ae-2679ceb2a6e4,2025-04-22 00:58:49.634330,True,SILLA CAMPING HANZE PLEGABLE DELUXE,SILLA CAMPING HANZE PLEGABLE DELUXE,2.0
80235,Unidades,4893108007271,13.0,10,1,unidad,9538abd0-dd73-4413-9969-d9d713612396,80235,7e9172cf-db5f-4beb-9527-96412d7f47fe,2025-04-22 00:58:50.422385,True,CAZUELA PORCELANA 9 CM,PACK * 10 - CAZUELA PORCELANA 9 CM,2.0
80235,Unidades,4893108007271,13.0,1,1,unidad,9538abd0-dd73-4413-9969-d9d713612396,80235,99869286-7723-46b6-a6fe-46c8a28d0be7,2025-04-22 00:58:50.422385,True,CAZUELA PORCELANA 9 CM,CAZUELA PORCELANA 9 CM,2.0
62251,Unidades,17798200540029,14.0,24,5,unidad,ac97273a-0a0f-4fc7-951a-925c52422e39,62251,bfa47472-3297-478c-9564-fab040d1b8af,2025-04-22 00:58:51.042613,True,REMERA LISA MUJER MORLEY COL SURT TSXL NOMINAL,CAJA * 24 - REMERA LISA MUJER MORLEY COL SURT TSXL NOMINAL,2.0
7862,Unidades,7795323001836,13.0,30,1,unidad,5cdaf427-0374-4560-b1b9-5f74fbd090ee,7862,b2eb53be-f70d-4aaf-a678-a2417198a7d9,2025-04-22 00:58:51.089106,True,LA SERENISIMA BABY 2 BRICK X200 ML,PACK * 30 - LA SERENISIMA BABY 2 BRICK X200 ML,2.0
7862,Unidades,7795323001836,13.0,1,1,unidad,5cdaf427-0374-4560-b1b9-5f74fbd090ee,7862,cab78e4e-a2ef-4ec2-863c-41223189fa63,2025-04-22 00:58:51.089106,True,LA SERENISIMA BABY 2 BRICK X200 ML,LA SERENISIMA BABY 2 BRICK X200 ML,2.0
6328,Unidades,17792389000329,14.0,12,5,unidad,4dd4740d-0eba-49cc-b7fa-658e10884adb,6328,9b32a775-fe82-4e9b-8ded-f5d10b8eb955,2025-04-22 00:58:51.647669,True,LAVANDINA X5 COMUN X1L,CAJA * 12 - LAVANDINA X5 COMUN X1L,2.0
12342,Unidades,7790503198351,13.0,1,1,unidad,f68a034b-fdab-4295-a5c2-92c5303fdb37,12342,9dc83d46-1cc5-44f2-8a5b-351324a4dcd7,2025-04-22 00:58:51.663644,True,ARROZ DOS HERMANOS LARGO FINO 00000  500 GR,ARROZ DOS HERMANOS LARGO FINO 00000  500 GR,2.0
12342,Unidades,7790503198351,13.0,10,1,unidad,f68a034b-fdab-4295-a5c2-92c5303fdb37,12342,edc7d3a5-a4a7-4f34-ba10-475cf0ee0d73,2025-04-22 00:58:51.663644,True,ARROZ DOS HERMANOS LARGO FINO 00000  500 GR,PACK * 10 - ARROZ DOS HERMANOS LARGO FINO 00000  500 GR,2.0
23970,Unidades,7790742363107,13.0,12,1,unidad,f36c5717-196c-46ae-9665-47ee1e98d9bc,23970,fb24db0a-8341-440c-a3ba-a5ab0efeb940,2025-04-22 00:58:52.910912,True,LECHE LS UAT PARC DESCREMADAO 1 FORT CON VITAMINAS,PACK * 12 - LECHE LS UAT PARC DESCREMADAO 1 FORT CON VITAMINAS,2.0
45673,Unidades,736372259370,12.0,1,2,unidad,d28f6db2-374d-4391-934b-35ac53ef750d,45673,d49f23ba-6030-47e7-9e3d-9060ea16f0a2,2025-04-22 00:58:53.150320,True,SILLA PLEGABLE ALUMINIO 5 POSIC. CCOOLER BAG,SILLA PLEGABLE ALUMINIO 5 POSIC. CCOOLER BAG,2.0
45673,Unidades,736372259370,12.0,4,2,unidad,d28f6db2-374d-4391-934b-35ac53ef750d,45673,ea2a7532-808f-4670-aceb-153f3b8c1007,2025-04-22 00:58:53.150320,True,SILLA PLEGABLE ALUMINIO 5 POSIC. CCOOLER BAG,SILLA PLEGABLE ALUMINIO 5 POSIC. CCOOLER BAG,2.0
7310,Unidades,7798070680347,13.0,1,1,unidad,950ca705-2cc1-4461-b646-3040908360e6,7310,8d62161f-3097-4b12-a85d-c729572b2796,2025-04-22 00:58:53.245616,True,PIZZA MOZZARELLA SIBARITA 470 GR,PIZZA MOZZARELLA SIBARITA 470 GR,2.0
7310,Unidades,7798070680347,13.0,10,1,unidad,950ca705-2cc1-4461-b646-3040908360e6,7310,e99213c4-3336-4f1f-8553-14cf85668698,2025-04-22 00:58:53.245616,True,PIZZA MOZZARELLA SIBARITA 470 GR,PACK * 10 - PIZZA MOZZARELLA SIBARITA 470 GR,2.0
9302,Unidades,7793893001973,13.0,14,1,unidad,9ec21c00-8135-45b4-82cf-db68389f4c8c,9302,287d9794-1fdc-457d-81b7-62624fb31bda,2025-04-22 00:58:53.261789,True,SALAMIN PICADO FINO PIAMONTESA 150 GR,PACK * 14 - SALAMIN PICADO FINO PIAMONTESA 150 GR,2.0
9302,Unidades,7793893001973,13.0,1,1,unidad,9ec21c00-8135-45b4-82cf-db68389f4c8c,9302,c32157bf-ef2f-4425-857e-c2240fc9bd71,2025-04-22 00:58:53.261789,True,SALAMIN PICADO FINO PIAMONTESA 150 GR,SALAMIN PICADO FINO PIAMONTESA 150 GR,2.0
5148,Unidades,7796989007071,13.0,1,1,unidad,35e4bc4a-63c2-4c29-a7df-2fd99722ea16,5148,867050e6-b88a-4e26-8e50-afd52e493593,2025-04-22 00:58:53.834894,True,PAN PANCHO BIMBO 6 UN,PAN PANCHO BIMBO 6 UN,2.0
5148,Unidades,7796989007071,13.0,16,1,unidad,35e4bc4a-63c2-4c29-a7df-2fd99722ea16,5148,8253ee0d-932d-4d75-8502-05fe9bd070cb,2025-04-22 00:58:53.834894,True,PAN PANCHO BIMBO 6 UN,PACK * 16 - PAN PANCHO BIMBO 6 UN,2.0
11003,Unidades,7798085998017,13.0,12,1,unidad,f22bb315-9fb1-4b05-bb5d-2990d13f96bb,11003,5ed4aac0-12cd-4967-9ce8-daa1ec8e6de2,2025-04-22 00:58:53.917464,True,BERENJENA COINCO 315 GR,PACK * 12 - BERENJENA COINCO 315 GR,2.0
11003,Unidades,7798085998017,13.0,1,1,unidad,f22bb315-9fb1-4b05-bb5d-2990d13f96bb,11003,018cb390-9d4f-4681-bd97-8fd8830f8d17,2025-04-22 00:58:53.917464,True,BERENJENA COINCO 315 GR,BERENJENA COINCO 315 GR,2.0
29456,Unidades,7791293021287,13.0,6,1,unidad,f146c5c8-8f8c-4735-9e32-155e450b6c2a,29456,9cd61acd-5374-46d0-b820-303ee78bf8de,2025-04-22 00:58:53.937273,True,GEL FIJADOR LORD CHESELINE 280 GR,PACK * 6 - GEL FIJADOR LORD CHESELINE 280 GR,2.0
29456,Unidades,7791293021287,13.0,1,1,unidad,f146c5c8-8f8c-4735-9e32-155e450b6c2a,29456,be2df553-b67e-4472-b807-dc910f051264,2025-04-22 00:58:53.937273,True,GEL FIJADOR LORD CHESELINE 280 GR,GEL FIJADOR LORD CHESELINE 280 GR,2.0
84300,Unidades,7795168001268,13.0,1,1,unidad,92bd0478-1cbb-4da5-a4c6-08b82d9338ba,84300,a4bd389a-fd33-4f8b-8e4a-06e53a8c0c14,2025-04-22 00:58:54.000204,True,CABALLO SALTARIN TURBY TOYS,CABALLO SALTARIN TURBY TOYS,2.0
84300,Unidades,7795168001268,13.0,3,1,unidad,92bd0478-1cbb-4da5-a4c6-08b82d9338ba,84300,49adff33-ce2b-4f86-b032-8472bd685026,2025-04-22 00:58:54.000204,True,CABALLO SALTARIN TURBY TOYS,PACK * 3 - CABALLO SALTARIN TURBY TOYS,2.0
30053,Unidades,7791274190216,13.0,1,1,unidad,dabf750c-59a9-4fec-948a-0bfb66ba5ed2,30053,a4606fa8-0ec1-415d-b353-2e19dfa59b34,2025-04-22 00:58:54.067399,True,ACEITE COCOA BEACH BRONCEADOR SPRAY 250 ML,ACEITE COCOA BEACH BRONCEADOR SPRAY 250 ML,2.0
30053,Unidades,7791274190216,13.0,12,1,unidad,dabf750c-59a9-4fec-948a-0bfb66ba5ed2,30053,b8ffed7a-e03f-4ef5-9e7a-042f57ace9b9,2025-04-22 00:58:54.067399,True,ACEITE COCOA BEACH BRONCEADOR SPRAY 250 ML,PACK * 12 - ACEITE COCOA BEACH BRONCEADOR SPRAY 250 ML,2.0
5358,Unidades,7791274196010,13.0,1,1,unidad,c4ef7a31-1300-4e67-90b0-c747946ee27b,5358,6aa4518b-f372-4d3f-af32-e44985299001,2025-04-22 00:58:54.262706,True,JABON LIQUIDO ALGABO CITRUS DOYPACK 300 ML,JABON LIQUIDO ALGABO CITRUS DOYPACK 300 ML,2.0
5358,Unidades,7791274196010,13.0,12,1,unidad,c4ef7a31-1300-4e67-90b0-c747946ee27b,5358,eb4aa9fd-d719-45bf-a8ce-e3d72b7807b2,2025-04-22 00:58:54.262706,True,JABON LIQUIDO ALGABO CITRUS DOYPACK 300 ML,PACK * 12 - JABON LIQUIDO ALGABO CITRUS DOYPACK 300 ML,2.0
5065,Unidades,7790940003089,13.0,10,1,unidad,393e632a-1a22-4bd1-9a79-5b64f6fe6ea6,5065,d6c828db-6593-46b5-b035-8932051ff23f,2025-04-22 00:58:54.480091,True,ALGODON DONCELLA 300 GR,PACK * 10 - ALGODON DONCELLA 300 GR,2.0
5065,Unidades,7790940003089,13.0,1,1,unidad,393e632a-1a22-4bd1-9a79-5b64f6fe6ea6,5065,775ff949-99e1-4130-a8ad-78b524241f46,2025-04-22 00:58:54.480091,True,ALGODON DONCELLA 300 GR,ALGODON DONCELLA 300 GR,2.0
2652,Unidades,7790499002106,13.0,1,1,unidad,b4753180-62f4-4080-95a0-46d86fb97f97,2652,1392acd0-ac3f-434e-9442-8fe8e042c949,2025-04-22 00:58:54.669940,True,ACELGA LA BANDA  800 GR,ACELGA LA BANDA  800 GR,2.0
2652,Unidades,7790499002106,13.0,6,1,unidad,b4753180-62f4-4080-95a0-46d86fb97f97,2652,32ad1126-b773-4007-a321-f71336d71e21,2025-04-22 00:58:54.669940,True,ACELGA LA BANDA  800 GR,PACK * 6 - ACELGA LA BANDA  800 GR,2.0
25232,Unidades,7790742330703,13.0,17,1,unidad,94e1e1d1-6dca-4136-ba2b-c48e20c53061,25232,ed6bdffc-661c-4a54-97a1-6f343f7b83f7,2025-04-22 00:58:54.717872,True,LECHE ARMONIA ULTRA PARC DESCREMADA 2 FORT SACHET 1L,PACK * 17 - LECHE ARMONIA ULTRA PARC DESCREMADA 2 FORT SACHET 1L,2.0
80805,Unidades,7798081192839,13.0,15,1,unidad,d22538f5-9898-4fc3-bdd6-8ec2df743b28,80805,8fc5da64-da97-4028-8de5-f8bfd3e6bd07,2025-04-22 00:58:55.467130,True,SET CONTENEDORES 1 RECT + 2 CUADRADOS HERALDPLAST,PACK * 15 - SET CONTENEDORES 1 RECT + 2 CUADRADOS HERALDPLAST,2.0
80805,Unidades,7798081192839,13.0,1,1,unidad,d22538f5-9898-4fc3-bdd6-8ec2df743b28,80805,bdab5e08-b389-4731-8a9c-634c9e3d7e1e,2025-04-22 00:58:55.467130,True,SET CONTENEDORES 1 RECT + 2 CUADRADOS HERALDPLAST,SET CONTENEDORES 1 RECT + 2 CUADRADOS HERALDPLAST,2.0
23735,Unidades,77798151953147,14.0,15,5,unidad,cafb0dbf-5440-4257-a12d-7f6d2ea42510,23735,5caae8bf-566c-44d5-96ec-e67f91a525e2,2025-04-22 00:58:55.768937,True,MANI KING FRITO C PIEL 100 GR,CAJA * 15 - MANI KING FRITO C PIEL 100 GR,2.0
8231,Unidades,7792350001921,13.0,6,1,unidad,caeb38bb-c427-4907-85cb-bd97bfc22ea7,8231,2f84d459-475f-4be4-8e94-dcceea05f261,2025-04-22 00:58:56.549365,True,ARVEJAS INALPA REMOJADAS 2.9 KG,PACK * 6 - ARVEJAS INALPA REMOJADAS 2.9 KG,2.0
8231,Unidades,7792350001921,13.0,1,1,unidad,caeb38bb-c427-4907-85cb-bd97bfc22ea7,8231,8a0c397d-1be0-4b87-919d-36c5a79dda96,2025-04-22 00:58:56.549365,True,ARVEJAS INALPA REMOJADAS 2.9 KG,ARVEJAS INALPA REMOJADAS 2.9 KG,2.0
21686,Unidades,17622201818637,14.0,36,5,unidad,79e9b421-6201-4dc8-8c4d-ede8bdb7c306,21686,ee1ca4eb-9287-4556-8058-193ccd1dfc18,2025-04-22 00:58:56.581401,True,POSTRE MANTECOL 253 GR,CAJA * 36 - POSTRE MANTECOL 253 GR,2.0
85132,Unidades,7793492002227,13.0,1,1,unidad,1de28920-b3fb-4aad-89fa-9309d1ac3ea1,85132,c60000d9-4fdb-4a03-a6ff-57f41e914124,2025-04-22 00:58:56.644586,True,CALOVENTOR CRIVEL 2000W CV-13,CALOVENTOR CRIVEL 2000W CV-13,2.0
85132,Unidades,7793492002227,13.0,4,1,unidad,1de28920-b3fb-4aad-89fa-9309d1ac3ea1,85132,53335e45-7a3f-4989-ab95-f2e63d93e88d,2025-04-22 00:58:56.644586,True,CALOVENTOR CRIVEL 2000W CV-13,PACK * 4 - CALOVENTOR CRIVEL 2000W CV-13,2.0
49345,Unidades,7790940000071,13.0,8,1,unidad,7c12ef30-9937-48a0-bbf0-ccc6314d61e8,49345,af5c1736-af73-4217-a6cf-1cb97c7d66c8,2025-04-22 00:58:57.122881,True,PANALES PARA ADULTOS NONISEC  RECTO GD 10 UN,PACK * 8 - PANALES PARA ADULTOS NONISEC  RECTO GD 10 UN,2.0
49345,Unidades,7790940000071,13.0,1,1,unidad,7c12ef30-9937-48a0-bbf0-ccc6314d61e8,49345,71826a5c-f482-49af-a02c-3958c19093b5,2025-04-22 00:58:57.122881,True,PANALES PARA ADULTOS NONISEC  RECTO GD 10 UN,PANALES PARA ADULTOS NONISEC  RECTO GD 10 UN,2.0
14446,Unidades,779812436139,12.0,1,2,unidad,7df75ca4-f2c8-4ca0-af6a-c503a2ad6132,14446,08cee501-deff-4254-8627-89b6e31409c5,2025-04-22 00:58:57.329496,True,PAPEL HIGIENICO OKEY DH BLANCO 4X30 MTS,PAPEL HIGIENICO OKEY DH BLANCO 4X30 MTS,2.0
2638,Unidades,7796989009983,13.0,10,1,unidad,0374ebbd-8923-437d-bd9f-1e40ffae1fc0,2638,0ee4ee2e-d0b8-489b-a217-66906da08412,2025-04-22 00:58:57.616510,True,PAN SEMILLAS 600G ORO,PACK * 10 - PAN SEMILLAS 600G ORO,2.0
2638,Unidades,7796989009983,13.0,1,1,unidad,0374ebbd-8923-437d-bd9f-1e40ffae1fc0,2638,b46945bd-510b-43fe-90f8-d2a1b73269ec,2025-04-22 00:58:57.616510,True,PAN SEMILLAS 600G ORO,PAN SEMILLAS 600G ORO,2.0
8947,Unidades,7794520000826,13.0,1,1,unidad,e9698588-ab50-4e10-8656-814aa8a23897,8947,f171c10e-ac2f-4220-b738-d53182600824,2025-04-22 00:58:57.770782,True,PAPAS FRITAS KRACHITOS CHEDDAR 330 GR,PAPAS FRITAS KRACHITOS CHEDDAR 330 GR,2.0
8947,Unidades,7794520000826,13.0,10,1,unidad,e9698588-ab50-4e10-8656-814aa8a23897,8947,00fcae6e-695f-4ce8-84e3-1b891dea23d1,2025-04-22 00:58:57.770782,True,PAPAS FRITAS KRACHITOS CHEDDAR 330 GR,PACK * 10 - PAPAS FRITAS KRACHITOS CHEDDAR 330 GR,2.0
919,Unidades,17790040337302,14.0,12,5,unidad,bc390014-b7ef-4de9-8c3b-8a752fe19963,919,5f97fdab-f20d-4f92-afb2-9b1cd772e2e6,2025-04-22 00:58:58.387419,True,PAN DULCE MADRILENO CHIPS DE CHOCOLATE BAGLEY 400 GR,CAJA * 12 - PAN DULCE MADRILENO CHIPS DE CHOCOLATE BAGLEY 400 GR,2.0
2764,Unidades,7797906000526,13.0,1,1,unidad,6fb6edad-f6d6-421a-b202-41301d9b0624,2764,0fb95213-0f96-4e35-bf7e-364e1c67c4a0,2025-04-22 00:58:58.451022,True,PAPAS MC CAIN TRADICIONAL CONGELADAS 2.5 KG,PAPAS MC CAIN TRADICIONAL CONGELADAS 2.5 KG,2.0
2764,Unidades,7797906000526,13.0,6,1,unidad,6fb6edad-f6d6-421a-b202-41301d9b0624,2764,06a97fd3-0d9b-43be-8c97-ef339af31e96,2025-04-22 00:58:58.451022,True,PAPAS MC CAIN TRADICIONAL CONGELADAS 2.5 KG,PACK * 6 - PAPAS MC CAIN TRADICIONAL CONGELADAS 2.5 KG,2.0
74597,Unidades,7793762006429,13.0,1,1,unidad,8f6719ac-094c-4e6e-9661-1b6b09a797ae,74597,69000fe7-8f3a-43b7-8353-e93e39781de2,2025-04-22 00:58:58.617991,True,ORGANIZ.GEMPLAST TRANSP 20L,ORGANIZ.GEMPLAST TRANSP 20L,2.0
74597,Unidades,7793762006429,13.0,12,1,unidad,8f6719ac-094c-4e6e-9661-1b6b09a797ae,74597,b212ce01-a5d7-4800-ad52-bbfa2dfbec63,2025-04-22 00:58:58.617991,True,ORGANIZ.GEMPLAST TRANSP 20L,PACK * 12 - ORGANIZ.GEMPLAST TRANSP 20L,2.0
8615,Unidades,7790360966841,13.0,1,1,unidad,7c1bf142-07a3-4e93-a61f-78f802c81845,8615,6079479a-2000-4ec6-ae62-5d52910d19b3,2025-04-22 00:59:00.203772,True,MEDALLON DE CARNE SWIFT 4 UN,MEDALLON DE CARNE SWIFT 4 UN,2.0
8615,Unidades,7790360966841,13.0,12,1,unidad,7c1bf142-07a3-4e93-a61f-78f802c81845,8615,3233fea5-f1ee-4379-b0e4-b3190322f900,2025-04-22 00:59:00.203772,True,MEDALLON DE CARNE SWIFT 4 UN,PACK * 12 - MEDALLON DE CARNE SWIFT 4 UN,2.0
8544,Unidades,7793893001997,13.0,1,1,unidad,bd0187b8-6e18-4b8d-9b90-c6ff17039030,8544,c8433a79-19a4-433b-92e7-e25335de7c06,2025-04-22 00:59:00.302128,True,MORTADELA PIAMONTESA 300 GR,MORTADELA PIAMONTESA 300 GR,2.0
8544,Unidades,7793893001997,13.0,10,1,unidad,bd0187b8-6e18-4b8d-9b90-c6ff17039030,8544,32fb5a4c-3f55-4003-a74c-4834f67e15c6,2025-04-22 00:59:00.302128,True,MORTADELA PIAMONTESA 300 GR,PACK * 10 - MORTADELA PIAMONTESA 300 GR,2.0
40492,Unidades,7798085997935,13.0,6,1,unidad,12b52930-00af-426c-b207-18ee47cf1a65,40492,e736a42f-7e02-4793-923d-801bad160a64,2025-04-22 00:59:00.505585,True,PALMITOS COINCO RODAJAS 2.92 KG,PACK * 6 - PALMITOS COINCO RODAJAS 2.92 KG,2.0
40492,Unidades,7798085997935,13.0,1,1,unidad,12b52930-00af-426c-b207-18ee47cf1a65,40492,0ec26ba5-8e8f-47a8-878b-903f982925b9,2025-04-22 00:59:00.505585,True,PALMITOS COINCO RODAJAS 2.92 KG,PALMITOS COINCO RODAJAS 2.92 KG,2.0
5370,Unidades,7791274000577,13.0,12,1,unidad,adbafe2f-ef59-4644-970b-691e9a3275ba,5370,396d5505-c456-46f9-891c-abf9e280d715,2025-04-22 00:59:00.703015,True,JABON LIQUIDO ALGABO CREMOSO DOY PACK 300 ML,PACK * 12 - JABON LIQUIDO ALGABO CREMOSO DOY PACK 300 ML,2.0
5370,Unidades,7791274000577,13.0,1,1,unidad,adbafe2f-ef59-4644-970b-691e9a3275ba,5370,f31a1bad-f7b8-4a84-b435-7d73b440f76c,2025-04-22 00:59:00.703015,True,JABON LIQUIDO ALGABO CREMOSO DOY PACK 300 ML,JABON LIQUIDO ALGABO CREMOSO DOY PACK 300 ML,2.0
264,Unidades,7701871000849,13.0,12,1,unidad,1ee1e2db-3c72-42b3-ad82-a02d602d9cd3,264,2361d46f-4cb5-49d8-b5e1-39c974026ebe,2025-04-22 00:59:01.102887,True,CREMA VEGETAL FLEISCREAM 1 LT,PACK * 12 - CREMA VEGETAL FLEISCREAM 1 LT,2.0
264,Unidades,7701871000849,13.0,1,1,unidad,1ee1e2db-3c72-42b3-ad82-a02d602d9cd3,264,c68f2524-f63d-4ceb-bbc0-90ff8e19aacd,2025-04-22 00:59:01.102887,True,CREMA VEGETAL FLEISCREAM 1 LT,CREMA VEGETAL FLEISCREAM 1 LT,2.0
29268,Unidades,7899026462533,13.0,1,1,unidad,3d982f59-c3f6-4e9e-9e4c-0b0897c01ca1,29268,4e58c8ab-c5e3-41a0-a410-9dd85facab28,2025-04-22 00:59:01.405481,True,TINTURA NUTRISSE GARNIER COR INTENSE 1.0,TINTURA NUTRISSE GARNIER COR INTENSE 1.0,2.0
29268,Unidades,7899026462533,13.0,6,1,unidad,3d982f59-c3f6-4e9e-9e4c-0b0897c01ca1,29268,6c318dec-7493-4d67-aa9c-687fd0454ee4,2025-04-22 00:59:01.405481,True,TINTURA NUTRISSE GARNIER COR INTENSE 1.0,PACK * 6 - TINTURA NUTRISSE GARNIER COR INTENSE 1.0,2.0
2850,Unidades,7798085996839,13.0,1,1,unidad,3a4704ea-48d0-40ed-8654-0a7555213619,2850,963cf391-1433-4df8-86f6-878fa5f82e7b,2025-04-22 00:59:01.437434,True,DURAZNOS COINCO MITADES X 2.9KG,DURAZNOS COINCO MITADES X 2.9KG,2.0
2850,Unidades,7798085996839,13.0,6,1,unidad,3a4704ea-48d0-40ed-8654-0a7555213619,2850,a3cf3f00-f05a-4d12-be92-47633172c9e4,2025-04-22 00:59:01.437434,True,DURAZNOS COINCO MITADES X 2.9KG,PACK * 6 - DURAZNOS COINCO MITADES X 2.9KG,2.0
293,Unidades,7791564006081,13.0,12,1,unidad,3ac6238d-6060-406f-86d3-9b8551e8906d,293,c5fd6ad2-8bf1-4f00-82af-cd5349b30340,2025-04-22 00:59:02.248199,True,QUESO AZUL BAVARIA 125 GR,PACK * 12 - QUESO AZUL BAVARIA 125 GR,2.0
293,Unidades,7791564006081,13.0,1,1,unidad,3ac6238d-6060-406f-86d3-9b8551e8906d,293,a4b1e661-219b-4898-9cbe-bd27a93eac00,2025-04-22 00:59:02.248199,True,QUESO AZUL BAVARIA 125 GR,QUESO AZUL BAVARIA 125 GR,2.0
2714,Unidades,7790130000041,13.0,1,1,unidad,17f366b8-b4b3-42b7-873b-7f61f187d917,2714,e7277b4f-b6dc-4704-99c9-2d78a5673a43,2025-04-22 00:59:02.264139,True,VINAGRE MENOYO VINO 5 LT,VINAGRE MENOYO VINO 5 LT,2.0
2714,Unidades,7790130000041,13.0,4,1,unidad,17f366b8-b4b3-42b7-873b-7f61f187d917,2714,335ef15d-a1a6-4d19-859b-d90bbba1d8ca,2025-04-22 00:59:02.264139,True,VINAGRE MENOYO VINO 5 LT,PACK * 4 - VINAGRE MENOYO VINO 5 LT,2.0
74546,Unidades,7798081192846,13.0,25,1,unidad,a6d514b3-03e5-4bfe-94c6-9f5ea5d4973a,74546,d0ce0b37-e591-4059-bdfa-bdca6808e5dd,2025-04-22 00:59:02.632169,True,BALDE HERALDPLAST DOS PICOS 8 LT,PACK * 25 - BALDE HERALDPLAST DOS PICOS 8 LT,2.0
74546,Unidades,7798081192846,13.0,1,1,unidad,a6d514b3-03e5-4bfe-94c6-9f5ea5d4973a,74546,53b7c421-7328-4a45-8c9e-f7ea1b116db1,2025-04-22 00:59:02.632169,True,BALDE HERALDPLAST DOS PICOS 8 LT,BALDE HERALDPLAST DOS PICOS 8 LT,2.0
86641,Unidades,7796399000563,13.0,1,1,unidad,47c790ff-e234-446b-8e37-97e59eb2a3d3,86641,96f64c75-59f9-4b35-a058-8039646d33fe,2025-04-22 00:59:02.915922,True,SHAMPOO SILISUR LAVAAUTOS SILICONADO 600 CC,SHAMPOO SILISUR LAVAAUTOS SILICONADO 600 CC,2.0
86641,Unidades,7796399000563,13.0,12,1,unidad,47c790ff-e234-446b-8e37-97e59eb2a3d3,86641,4f797514-0bf5-4c96-bf91-e5e657e473d6,2025-04-22 00:59:02.915922,True,SHAMPOO SILISUR LAVAAUTOS SILICONADO 600 CC,PACK * 12 - SHAMPOO SILISUR LAVAAUTOS SILICONADO 600 CC,2.0
5127,Unidades,7796989007019,13.0,15,1,unidad,6630dccd-928a-4d79-a56d-7e188a7a589c,5127,c19a3ab9-bdb9-456f-9c55-ce07d3861ebe,2025-04-22 00:59:04.028264,True,PAN HAMBURGUESA BIMBO 210 GR,PACK * 15 - PAN HAMBURGUESA BIMBO 210 GR,2.0
5127,Unidades,7796989007019,13.0,1,1,unidad,6630dccd-928a-4d79-a56d-7e188a7a589c,5127,171f2e14-5431-4e0c-82cb-d23a3094ff3d,2025-04-22 00:59:04.028264,True,PAN HAMBURGUESA BIMBO 210 GR,PAN HAMBURGUESA BIMBO 210 GR,2.0
11366,Unidades,7798085998079,13.0,12,1,unidad,2be22bc5-8080-40f9-8068-ab05b6f1d57c,11366,f75e871d-3b02-444c-bc53-47ef8c17394b,2025-04-22 00:59:04.546493,True,PEPINOS COINCO FRASCO 320 GR,PACK * 12 - PEPINOS COINCO FRASCO 320 GR,2.0
11366,Unidades,7798085998079,13.0,1,1,unidad,2be22bc5-8080-40f9-8068-ab05b6f1d57c,11366,04a26483-7968-4662-8132-2cb360b121c0,2025-04-22 00:59:04.546493,True,PEPINOS COINCO FRASCO 320 GR,PEPINOS COINCO FRASCO 320 GR,2.0
3010,Unidades,17790040337302,14.0,12,5,unidad,607960aa-406b-487b-ad2e-5e2bd78f51eb,3010,22574d72-8a8e-4752-9acf-699aac023517,2025-04-22 00:59:05.080250,True,PAN DULCE MADRILENO CHIPS DE CHOCOLATE ARCOR 400 GR,CAJA * 12 - PAN DULCE MADRILENO CHIPS DE CHOCOLATE ARCOR 400 GR,2.0
74174,Unidades,7896020637028,13.0,1,1,unidad,62156f91-44ba-41e3-9dfc-4a2a377c0f49,74174,721b69aa-b000-42db-9016-4de588f4247f,2025-04-22 00:59:05.460152,True,SOMBRILLA PLAYERA MOR 1.8 MT,SOMBRILLA PLAYERA MOR 1.8 MT,2.0
74174,Unidades,7896020637028,13.0,4,1,unidad,62156f91-44ba-41e3-9dfc-4a2a377c0f49,74174,30c52db8-3e49-4737-a2cf-f9960a1c3235,2025-04-22 00:59:05.460152,True,SOMBRILLA PLAYERA MOR 1.8 MT,PACK * 4 - SOMBRILLA PLAYERA MOR 1.8 MT,2.0
14060,Unidades,7791249451656,13.0,36,1,unidad,fd1461d7-f8e1-4a1d-a295-8fa3077a753c,14060,f5bbb7f3-b9af-4c88-ab64-b1c172b7650f,2025-04-22 00:59:05.676929,True,CHOCOLATE SHOT 90 GR,PACK * 36 - CHOCOLATE SHOT 90 GR,2.0
14060,Unidades,7791249451656,13.0,1,1,unidad,fd1461d7-f8e1-4a1d-a295-8fa3077a753c,14060,896e0186-f6e6-4ac2-a4c2-2135f1d4be74,2025-04-22 00:59:05.676929,True,CHOCOLATE SHOT 90 GR,CHOCOLATE SHOT 90 GR,2.0
84119,Unidades,7798182439307,13.0,1,1,unidad,68b3802e-b694-487c-8750-090ce304248a,84119,ab62277d-156d-4e90-bfc7-002b558d1cd1,2025-04-22 00:59:05.819741,True,PISTOLA 28 CMS 12 DARDOS,PISTOLA 28 CMS 12 DARDOS,2.0
84119,Unidades,7798182439307,13.0,24,1,unidad,68b3802e-b694-487c-8750-090ce304248a,84119,64598a3b-2b14-4246-b1ee-a916721051d8,2025-04-22 00:59:05.819741,True,PISTOLA 28 CMS 12 DARDOS,PACK * 24 - PISTOLA 28 CMS 12 DARDOS,2.0
72674,Unidades,7798081285371,13.0,4,1,unidad,92920fe5-9960-4572-9f1a-74b1b415d3b8,72674,e801d86e-8259-4910-93b5-88553b28f7b5,2025-04-22 00:59:05.882750,True,MIXER SMARTLIFE 600W VAR.METALICA CVASO MEDIDOR SM6038W,PACK * 4 - MIXER SMARTLIFE 600W VAR.METALICA CVASO MEDIDOR SM6038W,2.0
72674,Unidades,7798081285371,13.0,1,1,unidad,92920fe5-9960-4572-9f1a-74b1b415d3b8,72674,d667c393-b57b-4d05-b965-7347716fbc0a,2025-04-22 00:59:05.882750,True,MIXER SMARTLIFE 600W VAR.METALICA CVASO MEDIDOR SM6038W,MIXER SMARTLIFE 600W VAR.METALICA CVASO MEDIDOR SM6038W,2.0
33760,Unidades,17622201492691,14.0,96,5,unidad,6b7825cb-d7d0-4f4f-9868-3cf57f969869,33760,1cf3364a-43c5-4808-8d30-57fb451f9d4b,2025-04-22 00:59:06.352798,True,CHOCOLATE MILKA CHOCO PAUSE 45 GR,CAJA * 96 - CHOCOLATE MILKA CHOCO PAUSE 45 GR,2.0
15152,Unidades,7790117000347,13.0,1,1,unidad,6aaff1c4-a0bc-4ada-b796-dad78ab8d6e0,15152,a88f6291-7c15-4408-b63f-55595d10ffbf,2025-04-22 00:59:06.416048,True,BOLSA DE RESIDUOS ASURIN 80X110 10 UN,BOLSA DE RESIDUOS ASURIN 80X110 10 UN,2.0
15152,Unidades,7790117000347,13.0,20,1,unidad,6aaff1c4-a0bc-4ada-b796-dad78ab8d6e0,15152,5fa7f1da-173a-4d83-96e5-1fe15b146ca6,2025-04-22 00:59:06.416048,True,BOLSA DE RESIDUOS ASURIN 80X110 10 UN,PACK * 20 - BOLSA DE RESIDUOS ASURIN 80X110 10 UN,2.0
72177,Unidades,7792281420242,13.0,1,1,unidad,fd8d58a4-e923-4fe3-a015-95c5bf79d59f,72177,42d04ebf-fa7b-4ffa-b2d0-53fc99846a0a,2025-04-22 00:59:07.496696,True,JUEGO DE CUBIERTOS CAROL FUSION NEGRO X24,JUEGO DE CUBIERTOS CAROL FUSION NEGRO X24,2.0
72177,Unidades,7792281420242,13.0,4,1,unidad,fd8d58a4-e923-4fe3-a015-95c5bf79d59f,72177,ca748299-3dab-456e-b7dd-7529ff748459,2025-04-22 00:59:07.496696,True,JUEGO DE CUBIERTOS CAROL FUSION NEGRO X24,PACK * 4 - JUEGO DE CUBIERTOS CAROL FUSION NEGRO X24,2.0
30313,Unidades,7898587770699,13.0,1,1,unidad,cc70459f-1108-4925-9f4b-ed5098084764,30313,daaa6be2-8aba-4b02-bc89-2ea57e4f0ef6,2025-04-22 00:59:07.591390,True,TINTURA NUTRISSE GARNIER COR INTENSE 7.1,TINTURA NUTRISSE GARNIER COR INTENSE 7.1,2.0
30313,Unidades,7898587770699,13.0,6,1,unidad,cc70459f-1108-4925-9f4b-ed5098084764,30313,3f31a9d3-6497-48d6-abc0-4483d6852483,2025-04-22 00:59:07.591390,True,TINTURA NUTRISSE GARNIER COR INTENSE 7.1,PACK * 6 - TINTURA NUTRISSE GARNIER COR INTENSE 7.1,2.0
7860,Unidades,7795323002482,13.0,30,1,unidad,0bbdbcbd-6af8-46bd-930c-008e886895a9,7860,49d61308-9ab2-4a67-a875-5b29d8d258b9,2025-04-22 00:59:07.891612,True,NUTRILON 3 BRICK X200 ML,PACK * 30 - NUTRILON 3 BRICK X200 ML,2.0
7860,Unidades,7795323002482,13.0,1,1,unidad,0bbdbcbd-6af8-46bd-930c-008e886895a9,7860,dd8c0492-f0ca-439d-a611-af8e97990b73,2025-04-22 00:59:07.891612,True,NUTRILON 3 BRICK X200 ML,NUTRILON 3 BRICK X200 ML,2.0
27654,Unidades,77798151953130,14.0,15,5,unidad,b69bb319-1617-430c-8346-cc954a72355d,27654,80224396-5c0a-4f22-acc8-f2609f158be3,2025-04-22 00:59:08.720800,True,MANI KING CHEF LIMON Y PIMIENTA 80GR,CAJA * 15 - MANI KING CHEF LIMON Y PIMIENTA 80GR,2.0
85135,Unidades,7793492000308,13.0,4,1,unidad,333f9d07-b4db-417a-81eb-80559adc6195,85135,e888d400-406c-4520-a94f-296f0a7defbf,2025-04-22 00:59:08.791061,True,ESTUFA ELECTRICA CRIVEL CUARZO VERTICAL E4,PACK * 4 - ESTUFA ELECTRICA CRIVEL CUARZO VERTICAL E4,2.0
85135,Unidades,7793492000308,13.0,1,1,unidad,333f9d07-b4db-417a-81eb-80559adc6195,85135,b3b78e91-485c-458b-b386-cee1618853c8,2025-04-22 00:59:08.791061,True,ESTUFA ELECTRICA CRIVEL CUARZO VERTICAL E4,ESTUFA ELECTRICA CRIVEL CUARZO VERTICAL E4,2.0
84116,Unidades,7798182439277,13.0,1,1,unidad,f2be86d5-497d-46f8-ab4c-ea7b18a96f73,84116,6a71cf97-104c-46f9-a910-9a613c28e574,2025-04-22 00:59:09.378240,True,AUTO RADIO CONTROL ESCALA 1:20,AUTO RADIO CONTROL ESCALA 1:20,2.0
84116,Unidades,7798182439277,13.0,12,1,unidad,f2be86d5-497d-46f8-ab4c-ea7b18a96f73,84116,be7cb41c-5f88-471c-992b-411ec4464dc1,2025-04-22 00:59:09.378240,True,AUTO RADIO CONTROL ESCALA 1:20,PACK * 12 - AUTO RADIO CONTROL ESCALA 1:20,2.0
80804,Unidades,7798104669393,13.0,1,1,unidad,fc556b2b-e80d-4f85-abc2-f31bdbcf41cc,80804,1b71684a-9d96-4a7b-8fac-8047ef21bd68,2025-04-22 00:59:09.378240,True,BANQUETA PLASTICA MULTIENVASE APILABLE,BANQUETA PLASTICA MULTIENVASE APILABLE,2.0
80804,Unidades,7798104669393,13.0,12,1,unidad,fc556b2b-e80d-4f85-abc2-f31bdbcf41cc,80804,3878c6d8-8850-4eed-aec6-c96d53038f78,2025-04-22 00:59:09.378240,True,BANQUETA PLASTICA MULTIENVASE APILABLE,PACK * 12 - BANQUETA PLASTICA MULTIENVASE APILABLE,2.0
70282,Unidades,7798081190965,13.0,12,1,unidad,db7c5693-25c0-4527-a155-168cd11de5b9,70282,637af506-297c-4f3c-9317-47b086dde277,2025-04-22 00:59:09.728709,True,CONTENEDOR HERALDPLAST TAPA A ROSCA 2.5 LT,PACK * 12 - CONTENEDOR HERALDPLAST TAPA A ROSCA 2.5 LT,2.0
70282,Unidades,7798081190965,13.0,1,1,unidad,db7c5693-25c0-4527-a155-168cd11de5b9,70282,0279c2ee-0c9a-4b3f-839a-7baa8022ea16,2025-04-22 00:59:09.728709,True,CONTENEDOR HERALDPLAST TAPA A ROSCA 2.5 LT,CONTENEDOR HERALDPLAST TAPA A ROSCA 2.5 LT,2.0
11364,Unidades,7798085998055,13.0,12,1,unidad,681641a0-4db5-433d-a4b7-dce1c94e7db9,11364,95904fa8-21a0-4433-a97b-96bc41e77768,2025-04-22 00:59:10.125993,True,MORRON COINCO FRASCO 330 GR,PACK * 12 - MORRON COINCO FRASCO 330 GR,2.0
11364,Unidades,7798085998055,13.0,1,1,unidad,681641a0-4db5-433d-a4b7-dce1c94e7db9,11364,a2557bc7-3120-4495-af85-35733f44a97f,2025-04-22 00:59:10.125993,True,MORRON COINCO FRASCO 330 GR,MORRON COINCO FRASCO 330 GR,2.0
80061,Unidades,7797358310396,13.0,8,1,unidad,f7a3c45f-baf9-4ad9-8624-72153dde24ab,80061,417c5666-6d16-4798-8b59-297b97eee969,2025-04-22 00:59:10.309305,True,JGO SABANAS DANUBIO CLASSIC 144H 2 12 PLAZAS,PACK * 8 - JGO SABANAS DANUBIO CLASSIC 144H 2 12 PLAZAS,2.0
80061,Unidades,7797358310396,13.0,1,1,unidad,f7a3c45f-baf9-4ad9-8624-72153dde24ab,80061,c4debc6a-7624-4c00-8fb8-c5c7b9a31461,2025-04-22 00:59:10.309305,True,JGO SABANAS DANUBIO CLASSIC 144H 2 12 PLAZAS,JGO SABANAS DANUBIO CLASSIC 144H 2 12 PLAZAS,2.0
18945,Unidades,17798111381261,14.0,35,5,unidad,18078d3d-7a52-47b5-8803-ce7adfeae2ee,18945,2fac5f34-d6fa-48f7-a3b1-27f737797a76,2025-04-22 00:59:10.539616,True,GALLETITAS LELEL VAINILLA RELLENA FRAMBUESA BANADA 250 GR,CAJA * 35 - GALLETITAS LELEL VAINILLA RELLENA FRAMBUESA BANADA 250 GR,2.0
23723,Unidades,17790310984328,14.0,21,5,unidad,08043d41-faab-489b-b579-1a5ea7aaf1d0,23723,e8d85efa-9b60-4313-8355-a7450846264b,2025-04-22 00:59:10.571296,True,SNACK PEP RUEDITAS 120 GR,CAJA * 21 - SNACK PEP RUEDITAS 120 GR,2.0
27319,Unidades,17790310985554,14.0,28,5,unidad,168f9984-e93f-42d9-8861-a4ad8e36ce2a,27319,96f480d8-5aac-45d8-a439-281eb4bf931c,2025-04-22 00:59:10.970189,True,PAPAS FRITAS LAY S QUESO Y CEBOLLA 77 GR,CAJA * 28 - PAPAS FRITAS LAY S QUESO Y CEBOLLA 77 GR,2.0
76170,Unidades,7798038312716,13.0,1,1,unidad,7cced5b1-796d-4a71-81c8-9c4d3340195f,76170,30e79738-ec5d-4d86-828f-186601c8acb1,2025-04-22 00:59:11.018212,True,TETINA SILICONA DISPITA 4 UN,TETINA SILICONA DISPITA 4 UN,2.0
76170,Unidades,7798038312716,13.0,24,1,unidad,7cced5b1-796d-4a71-81c8-9c4d3340195f,76170,3142f79c-66e2-4aee-9fb0-515962477786,2025-04-22 00:59:11.018212,True,TETINA SILICONA DISPITA 4 UN,PACK * 24 - TETINA SILICONA DISPITA 4 UN,2.0
45214,Unidades,7798182431417,13.0,6,1,unidad,ca9c31df-711f-45c8-971a-76543b691e75,45214,0d48839f-e692-4483-a144-51a8ed567a86,2025-04-22 00:59:12.148485,True,TENDER OKEY DE ALUMINIO CON ALAS,PACK * 6 - TENDER OKEY DE ALUMINIO CON ALAS,2.0
45214,Unidades,7798182431417,13.0,1,1,unidad,ca9c31df-711f-45c8-971a-76543b691e75,45214,3d3e39a8-356a-4d99-a52b-fe401e8a20c7,2025-04-22 00:59:12.148485,True,TENDER OKEY DE ALUMINIO CON ALAS,TENDER OKEY DE ALUMINIO CON ALAS,2.0
74343,Unidades,7791822675394,13.0,1,1,unidad,631dceb7-0ede-4c6d-ab62-f90be051d789,74343,8f72dee7-0eaf-4fac-bf38-b6255e664af7,2025-04-22 00:59:12.440097,True,ENSALADERA PRIMAVERA FLINT GRANDE,ENSALADERA PRIMAVERA FLINT GRANDE,2.0
74343,Unidades,7791822675394,13.0,8,1,unidad,631dceb7-0ede-4c6d-ab62-f90be051d789,74343,c7a58d7a-eb95-4bb9-b6eb-5bcf22f2d032,2025-04-22 00:59:12.440097,True,ENSALADERA PRIMAVERA FLINT GRANDE,PACK * 8 - ENSALADERA PRIMAVERA FLINT GRANDE,2.0
74518,Unidades,7798081191658,13.0,25,1,unidad,3785af7a-381b-493c-8eb8-07037945f842,74518,1ea08d95-05fd-4b9b-b071-7a6d616344bb,2025-04-22 00:59:12.481777,True,BALDE HERALDPLAST PLASTICO ECOLOGICO 10 LT,PACK * 25 - BALDE HERALDPLAST PLASTICO ECOLOGICO 10 LT,2.0
74518,Unidades,7798081191658,13.0,1,1,unidad,3785af7a-381b-493c-8eb8-07037945f842,74518,c9c9c82b-88ec-4ef4-949e-8c4525c02eb0,2025-04-22 00:59:12.481777,True,BALDE HERALDPLAST PLASTICO ECOLOGICO 10 LT,BALDE HERALDPLAST PLASTICO ECOLOGICO 10 LT,2.0
80031,Unidades,7797358310419,13.0,1,1,unidad,3e71846b-3c26-4d0f-946c-6fa135a41992,80031,65a33cf4-76ad-4ae6-a91c-cb1c943dc382,2025-04-22 00:59:12.608867,True,JGO SABANAS DANUBIO CLASSIC 144H 1 12 PLAZAS,JGO SABANAS DANUBIO CLASSIC 144H 1 12 PLAZAS,2.0
80031,Unidades,7797358310419,13.0,10,1,unidad,3e71846b-3c26-4d0f-946c-6fa135a41992,80031,1b2be8f7-a6c7-4a87-a33b-6cdef755119c,2025-04-22 00:59:12.608867,True,JGO SABANAS DANUBIO CLASSIC 144H 1 12 PLAZAS,PACK * 10 - JGO SABANAS DANUBIO CLASSIC 144H 1 12 PLAZAS,2.0
11469,Unidades,7793893002017,13.0,1,1,unidad,5bb0406d-fc57-47b6-b9d9-926c4b6d33d5,11469,34f4a996-5793-4bb1-8ae9-692df8240fd2,2025-04-22 00:59:12.794435,True,SALCHICHON PRIMAVERA PIAMONTESA 300 GR,SALCHICHON PRIMAVERA PIAMONTESA 300 GR,2.0
11469,Unidades,7793893002017,13.0,10,1,unidad,5bb0406d-fc57-47b6-b9d9-926c4b6d33d5,11469,15d0ff11-b466-447e-935e-6230cb2c2fb2,2025-04-22 00:59:12.794435,True,SALCHICHON PRIMAVERA PIAMONTESA 300 GR,PACK * 10 - SALCHICHON PRIMAVERA PIAMONTESA 300 GR,2.0
29912,Unidades,4005808555635,13.0,12,1,unidad,653c9d24-0c4a-4003-9626-d83dbef76b64,29912,74001013-ff3b-4de0-abe8-4a7431aaf48c,2025-04-22 00:59:13.616925,True,PROTECTOR SOLAR NIVEA F15  HIDRATANTE  200 ML,PACK * 12 - PROTECTOR SOLAR NIVEA F15  HIDRATANTE  200 ML,2.0
29912,Unidades,4005808555635,13.0,1,1,unidad,653c9d24-0c4a-4003-9626-d83dbef76b64,29912,02214b0b-f20d-4fea-a8ce-c208fb2d628b,2025-04-22 00:59:13.616925,True,PROTECTOR SOLAR NIVEA F15  HIDRATANTE  200 ML,PROTECTOR SOLAR NIVEA F15  HIDRATANTE  200 ML,2.0
10964,Unidades,7790787153664,13.0,24,1,unidad,0444d951-84f9-48ee-b747-9c556ef3f4a2,10964,826665e3-7256-42f5-b716-d44c3a42414a,2025-04-22 00:59:13.668303,True,DULCE DE LECHE CLASICO ILOLAY 400 GR,PACK * 24 - DULCE DE LECHE CLASICO ILOLAY 400 GR,2.0
10964,Unidades,7790787153664,13.0,1,1,unidad,0444d951-84f9-48ee-b747-9c556ef3f4a2,10964,27be0099-42c0-4b44-8bf0-d17c96f069b2,2025-04-22 00:59:13.668303,True,DULCE DE LECHE CLASICO ILOLAY 400 GR,DULCE DE LECHE CLASICO ILOLAY 400 GR,2.0
9308,Unidades,7790174000540,13.0,1,1,unidad,06ba1de8-0a02-4bf0-86a3-1c64a4b2da70,9308,9b3b279d-a4a4-44be-9cef-ef0717a9a53c,2025-04-22 00:59:14.541896,True,MILANESA DE SOJA VEGETALEX ESPINACA 340 GR,MILANESA DE SOJA VEGETALEX ESPINACA 340 GR,2.0
9308,Unidades,7790174000540,13.0,30,1,unidad,06ba1de8-0a02-4bf0-86a3-1c64a4b2da70,9308,0f95a16c-1bf9-4ffa-8cac-7735240e3264,2025-04-22 00:59:14.541896,True,MILANESA DE SOJA VEGETALEX ESPINACA 340 GR,PACK * 30 - MILANESA DE SOJA VEGETALEX ESPINACA 340 GR,2.0
39827,Unidades,4005900122186,13.0,1,1,unidad,bd458a31-c505-4a74-b360-59cc38f8b121,39827,9a2e4202-89de-42c0-9846-4728245d0829,2025-04-22 00:59:14.965210,True,DESODORANTE ANTITRANSPIRANTE NIVEA FEM.PROTECT 150 ML,DESODORANTE ANTITRANSPIRANTE NIVEA FEM.PROTECT 150 ML,2.0
1443,Unidades,7790398100026,13.0,1,1,unidad,ccf409de-d6a3-40a5-8bd8-414ae9502577,1443,a07957aa-e5b9-483a-9785-7b47d0031496,2025-04-22 00:59:15.012736,True,DULCE DE LECHE LA PAULINA 1 KG,DULCE DE LECHE LA PAULINA 1 KG,2.0
1443,Unidades,7790398100026,13.0,12,1,unidad,ccf409de-d6a3-40a5-8bd8-414ae9502577,1443,76ef998d-ef0a-4b14-aa28-a6d8f20b4b10,2025-04-22 00:59:15.012736,True,DULCE DE LECHE LA PAULINA 1 KG,PACK * 12 - DULCE DE LECHE LA PAULINA 1 KG,2.0
86630,Unidades,7796399000129,13.0,6,1,unidad,6c4aaf63-1028-48f8-a82a-4b4795d480aa,86630,ad56ba66-af0b-47c3-91e7-ef86a75789b9,2025-04-22 00:59:15.316039,True,LIMPIATAPIZADOS SILISUR GATILLO 1 LT,PACK * 6 - LIMPIATAPIZADOS SILISUR GATILLO 1 LT,2.0
86630,Unidades,7796399000129,13.0,1,1,unidad,6c4aaf63-1028-48f8-a82a-4b4795d480aa,86630,824a516f-8f50-474b-9010-fae347f447a4,2025-04-22 00:59:15.316039,True,LIMPIATAPIZADOS SILISUR GATILLO 1 LT,LIMPIATAPIZADOS SILISUR GATILLO 1 LT,2.0
86643,Unidades,7796399506447,13.0,1,1,unidad,8b78d877-1934-4deb-98b7-74194f91730a,86643,3eac65cf-7f08-4dfb-874b-cecf29aa706b,2025-04-22 00:59:15.316039,True,LAVAPARABRISAS SILISUR 5 LT,LAVAPARABRISAS SILISUR 5 LT,2.0
86643,Unidades,7796399506447,13.0,2,1,unidad,8b78d877-1934-4deb-98b7-74194f91730a,86643,5043a5f8-806e-40e1-be33-eb47295ff498,2025-04-22 00:59:15.316039,True,LAVAPARABRISAS SILISUR 5 LT,PACK * 2 - LAVAPARABRISAS SILISUR 5 LT,2.0
86642,Unidades,7796399000082,13.0,1,1,unidad,b97caa34-5994-4d06-af5a-8707fd872183,86642,e2e6e5a8-2008-4836-a8db-a3f9f5515f9f,2025-04-22 00:59:15.340138,True,REVIVIDOR SILISUR PARA GOMAS GATILLO 1 LTS,REVIVIDOR SILISUR PARA GOMAS GATILLO 1 LTS,2.0
86642,Unidades,7796399000082,13.0,6,1,unidad,b97caa34-5994-4d06-af5a-8707fd872183,86642,4fb589bf-a0a9-47a5-be02-904932d447f4,2025-04-22 00:59:15.340138,True,REVIVIDOR SILISUR PARA GOMAS GATILLO 1 LTS,PACK * 6 - REVIVIDOR SILISUR PARA GOMAS GATILLO 1 LTS,2.0
86639,Unidades,7796399506843,13.0,1,1,unidad,181a54a3-6976-4ba7-b2b8-be54db042027,86639,ca7f3a82-0a05-42cf-8c83-61ea11931761,2025-04-22 00:59:15.347798,True,INFLASELLA NEUMATICOS SILISUR 300G,INFLASELLA NEUMATICOS SILISUR 300G,2.0
86639,Unidades,7796399506843,13.0,12,1,unidad,181a54a3-6976-4ba7-b2b8-be54db042027,86639,5c681fcd-397e-45e6-837b-678901171619,2025-04-22 00:59:15.347798,True,INFLASELLA NEUMATICOS SILISUR 300G,PACK * 12 - INFLASELLA NEUMATICOS SILISUR 300G,2.0
